--------------------------------------------------------
--  File created - Tuesday-June-27-2017   
--------------------------------------------------------
--------------------------------------------------------
--  DDL for Table IMS_ADDRESS
--------------------------------------------------------

  CREATE TABLE "TEAMCLOUD"."IMS_ADDRESS" 
   (	"A_ID" NUMBER, 
	"A_STREET" VARCHAR2(4000 BYTE), 
	"A_CITY" VARCHAR2(4000 BYTE), 
	"A_STATE" VARCHAR2(4000 BYTE), 
	"A_ZIP" VARCHAR2(4000 BYTE)
   ) SEGMENT CREATION IMMEDIATE 
  PCTFREE 10 PCTUSED 40 INITRANS 1 MAXTRANS 255 
 NOCOMPRESS LOGGING
  STORAGE(INITIAL 65536 NEXT 1048576 MINEXTENTS 1 MAXEXTENTS 2147483645
  PCTINCREASE 0 FREELISTS 1 FREELIST GROUPS 1
  BUFFER_POOL DEFAULT FLASH_CACHE DEFAULT CELL_FLASH_CACHE DEFAULT)
  TABLESPACE "USERS" ;
--------------------------------------------------------
--  DDL for Table IMS_CATEGORY
--------------------------------------------------------

  CREATE TABLE "TEAMCLOUD"."IMS_CATEGORY" 
   (	"C_ID" NUMBER, 
	"C_NAME" VARCHAR2(4000 BYTE)
   ) SEGMENT CREATION IMMEDIATE 
  PCTFREE 10 PCTUSED 40 INITRANS 1 MAXTRANS 255 
 NOCOMPRESS LOGGING
  STORAGE(INITIAL 65536 NEXT 1048576 MINEXTENTS 1 MAXEXTENTS 2147483645
  PCTINCREASE 0 FREELISTS 1 FREELIST GROUPS 1
  BUFFER_POOL DEFAULT FLASH_CACHE DEFAULT CELL_FLASH_CACHE DEFAULT)
  TABLESPACE "USERS" ;
--------------------------------------------------------
--  DDL for Table IMS_PO_LINE
--------------------------------------------------------

  CREATE TABLE "TEAMCLOUD"."IMS_PO_LINE" 
   (	"POL_ID" NUMBER, 
	"POL_PO" NUMBER, 
	"POL_PRODUCT" NUMBER, 
	"POL_QUANTITY" NUMBER, 
	"POL_COST" NUMBER(38,2)
   ) SEGMENT CREATION IMMEDIATE 
  PCTFREE 10 PCTUSED 40 INITRANS 1 MAXTRANS 255 
 NOCOMPRESS LOGGING
  STORAGE(INITIAL 65536 NEXT 1048576 MINEXTENTS 1 MAXEXTENTS 2147483645
  PCTINCREASE 0 FREELISTS 1 FREELIST GROUPS 1
  BUFFER_POOL DEFAULT FLASH_CACHE DEFAULT CELL_FLASH_CACHE DEFAULT)
  TABLESPACE "USERS" ;
--------------------------------------------------------
--  DDL for Table IMS_PRODUCT
--------------------------------------------------------

  CREATE TABLE "TEAMCLOUD"."IMS_PRODUCT" 
   (	"P_ID" NUMBER, 
	"P_NAME" VARCHAR2(4000 BYTE), 
	"P_SUPPLIER_PRICE" NUMBER, 
	"P_RETAILER_PRICE" NUMBER
   ) SEGMENT CREATION IMMEDIATE 
  PCTFREE 10 PCTUSED 40 INITRANS 1 MAXTRANS 255 
 NOCOMPRESS LOGGING
  STORAGE(INITIAL 65536 NEXT 1048576 MINEXTENTS 1 MAXEXTENTS 2147483645
  PCTINCREASE 0 FREELISTS 1 FREELIST GROUPS 1
  BUFFER_POOL DEFAULT FLASH_CACHE DEFAULT CELL_FLASH_CACHE DEFAULT)
  TABLESPACE "USERS" ;
--------------------------------------------------------
--  DDL for Table IMS_PRODUCT_CATEGORY
--------------------------------------------------------

  CREATE TABLE "TEAMCLOUD"."IMS_PRODUCT_CATEGORY" 
   (	"P_ID" NUMBER, 
	"C_ID" NUMBER
   ) SEGMENT CREATION IMMEDIATE 
  PCTFREE 10 PCTUSED 40 INITRANS 1 MAXTRANS 255 
 NOCOMPRESS LOGGING
  STORAGE(INITIAL 65536 NEXT 1048576 MINEXTENTS 1 MAXEXTENTS 2147483645
  PCTINCREASE 0 FREELISTS 1 FREELIST GROUPS 1
  BUFFER_POOL DEFAULT FLASH_CACHE DEFAULT CELL_FLASH_CACHE DEFAULT)
  TABLESPACE "USERS" ;
--------------------------------------------------------
--  DDL for Table IMS_PURCHASE_ORDER
--------------------------------------------------------

  CREATE TABLE "TEAMCLOUD"."IMS_PURCHASE_ORDER" 
   (	"PO_ID" NUMBER, 
	"PO_TS" TIMESTAMP (6), 
	"PO_SUPPLIER" NUMBER, 
	"PO_RETAILER" NUMBER, 
	"PO_COST" NUMBER(38,2)
   ) SEGMENT CREATION IMMEDIATE 
  PCTFREE 10 PCTUSED 40 INITRANS 1 MAXTRANS 255 
 NOCOMPRESS LOGGING
  STORAGE(INITIAL 65536 NEXT 1048576 MINEXTENTS 1 MAXEXTENTS 2147483645
  PCTINCREASE 0 FREELISTS 1 FREELIST GROUPS 1
  BUFFER_POOL DEFAULT FLASH_CACHE DEFAULT CELL_FLASH_CACHE DEFAULT)
  TABLESPACE "USERS" ;
--------------------------------------------------------
--  DDL for Table IMS_RETAILER
--------------------------------------------------------

  CREATE TABLE "TEAMCLOUD"."IMS_RETAILER" 
   (	"R_ID" NUMBER, 
	"R_NAME" VARCHAR2(4000 BYTE), 
	"R_ADDRESS" NUMBER
   ) SEGMENT CREATION IMMEDIATE 
  PCTFREE 10 PCTUSED 40 INITRANS 1 MAXTRANS 255 
 NOCOMPRESS LOGGING
  STORAGE(INITIAL 65536 NEXT 1048576 MINEXTENTS 1 MAXEXTENTS 2147483645
  PCTINCREASE 0 FREELISTS 1 FREELIST GROUPS 1
  BUFFER_POOL DEFAULT FLASH_CACHE DEFAULT CELL_FLASH_CACHE DEFAULT)
  TABLESPACE "USERS" ;
--------------------------------------------------------
--  DDL for Table IMS_RETAILER_INVENTORY
--------------------------------------------------------

  CREATE TABLE "TEAMCLOUD"."IMS_RETAILER_INVENTORY" 
   (	"RI_ID" NUMBER, 
	"RI_RETAILER" NUMBER, 
	"RI_PRODUCT" NUMBER, 
	"RI_PRODUCT_QUNATITY" NUMBER, 
	"RI_PRODUCT_THRESHOLD" NUMBER
   ) SEGMENT CREATION IMMEDIATE 
  PCTFREE 10 PCTUSED 40 INITRANS 1 MAXTRANS 255 
 NOCOMPRESS LOGGING
  STORAGE(INITIAL 65536 NEXT 1048576 MINEXTENTS 1 MAXEXTENTS 2147483645
  PCTINCREASE 0 FREELISTS 1 FREELIST GROUPS 1
  BUFFER_POOL DEFAULT FLASH_CACHE DEFAULT CELL_FLASH_CACHE DEFAULT)
  TABLESPACE "USERS" ;
--------------------------------------------------------
--  DDL for Table IMS_RETAILER_SALE
--------------------------------------------------------

  CREATE TABLE "TEAMCLOUD"."IMS_RETAILER_SALE" 
   (	"RS_ID" NUMBER, 
	"RS_RETAILER" NUMBER, 
	"RS_PRODUCT" NUMBER, 
	"RS_PRODUCT_QUNATITY" NUMBER, 
	"RS_COST" NUMBER(38,2), 
	"RS_TS" TIMESTAMP (6)
   ) SEGMENT CREATION IMMEDIATE 
  PCTFREE 10 PCTUSED 40 INITRANS 1 MAXTRANS 255 
 NOCOMPRESS LOGGING
  STORAGE(INITIAL 65536 NEXT 1048576 MINEXTENTS 1 MAXEXTENTS 2147483645
  PCTINCREASE 0 FREELISTS 1 FREELIST GROUPS 1
  BUFFER_POOL DEFAULT FLASH_CACHE DEFAULT CELL_FLASH_CACHE DEFAULT)
  TABLESPACE "USERS" ;
--------------------------------------------------------
--  DDL for Table IMS_SUPPLIER
--------------------------------------------------------

  CREATE TABLE "TEAMCLOUD"."IMS_SUPPLIER" 
   (	"S_ID" NUMBER, 
	"S_NAME" VARCHAR2(4000 BYTE), 
	"S_ADDRESS" NUMBER
   ) SEGMENT CREATION IMMEDIATE 
  PCTFREE 10 PCTUSED 40 INITRANS 1 MAXTRANS 255 
 NOCOMPRESS LOGGING
  STORAGE(INITIAL 65536 NEXT 1048576 MINEXTENTS 1 MAXEXTENTS 2147483645
  PCTINCREASE 0 FREELISTS 1 FREELIST GROUPS 1
  BUFFER_POOL DEFAULT FLASH_CACHE DEFAULT CELL_FLASH_CACHE DEFAULT)
  TABLESPACE "USERS" ;
REM INSERTING into TEAMCLOUD.IMS_ADDRESS
SET DEFINE OFF;
Insert into TEAMCLOUD.IMS_ADDRESS (A_ID,A_STREET,A_CITY,A_STATE,A_ZIP) values (1,'3 Fuller Circle','Spokane','WA','99215');
Insert into TEAMCLOUD.IMS_ADDRESS (A_ID,A_STREET,A_CITY,A_STATE,A_ZIP) values (2,'74182 Arrowood Hill','Roanoke','VA','24020');
Insert into TEAMCLOUD.IMS_ADDRESS (A_ID,A_STREET,A_CITY,A_STATE,A_ZIP) values (3,'4014 Scott Trail','Clearwater','FL','33763');
Insert into TEAMCLOUD.IMS_ADDRESS (A_ID,A_STREET,A_CITY,A_STATE,A_ZIP) values (4,'87 Evergreen Plaza','Green Bay','WI','54305');
Insert into TEAMCLOUD.IMS_ADDRESS (A_ID,A_STREET,A_CITY,A_STATE,A_ZIP) values (5,'3 Golf Course Terrace','Fort Myers','FL','33906');
Insert into TEAMCLOUD.IMS_ADDRESS (A_ID,A_STREET,A_CITY,A_STATE,A_ZIP) values (6,'87 Messerschmidt Junction','Decatur','IL','62525');
Insert into TEAMCLOUD.IMS_ADDRESS (A_ID,A_STREET,A_CITY,A_STATE,A_ZIP) values (7,'226 Di Loreto Hill','Colorado Springs','CO','80925');
Insert into TEAMCLOUD.IMS_ADDRESS (A_ID,A_STREET,A_CITY,A_STATE,A_ZIP) values (8,'37169 Maywood Pass','Jackson','MS','39236');
Insert into TEAMCLOUD.IMS_ADDRESS (A_ID,A_STREET,A_CITY,A_STATE,A_ZIP) values (9,'46 Warbler Road','Midland','MI','48670');
Insert into TEAMCLOUD.IMS_ADDRESS (A_ID,A_STREET,A_CITY,A_STATE,A_ZIP) values (10,'13884 Lakewood Trail','College Station','TX','77844');
REM INSERTING into TEAMCLOUD.IMS_CATEGORY
SET DEFINE OFF;
Insert into TEAMCLOUD.IMS_CATEGORY (C_ID,C_NAME) values (1,'BEER');
Insert into TEAMCLOUD.IMS_CATEGORY (C_ID,C_NAME) values (2,'WINE');
Insert into TEAMCLOUD.IMS_CATEGORY (C_ID,C_NAME) values (3,'LIQUER');
Insert into TEAMCLOUD.IMS_CATEGORY (C_ID,C_NAME) values (4,'FOREIN');
Insert into TEAMCLOUD.IMS_CATEGORY (C_ID,C_NAME) values (5,'DOMESTIC');
REM INSERTING into TEAMCLOUD.IMS_PO_LINE
SET DEFINE OFF;
Insert into TEAMCLOUD.IMS_PO_LINE (POL_ID,POL_PO,POL_PRODUCT,POL_QUANTITY,POL_COST) values (1,1,11,7,8284.57);
Insert into TEAMCLOUD.IMS_PO_LINE (POL_ID,POL_PO,POL_PRODUCT,POL_QUANTITY,POL_COST) values (3,15,12,4,6870.57);
Insert into TEAMCLOUD.IMS_PO_LINE (POL_ID,POL_PO,POL_PRODUCT,POL_QUANTITY,POL_COST) values (4,24,1,6,579.79);
Insert into TEAMCLOUD.IMS_PO_LINE (POL_ID,POL_PO,POL_PRODUCT,POL_QUANTITY,POL_COST) values (5,12,14,2,9391.31);
Insert into TEAMCLOUD.IMS_PO_LINE (POL_ID,POL_PO,POL_PRODUCT,POL_QUANTITY,POL_COST) values (8,25,15,4,4297.96);
Insert into TEAMCLOUD.IMS_PO_LINE (POL_ID,POL_PO,POL_PRODUCT,POL_QUANTITY,POL_COST) values (10,21,12,3,1787.47);
Insert into TEAMCLOUD.IMS_PO_LINE (POL_ID,POL_PO,POL_PRODUCT,POL_QUANTITY,POL_COST) values (11,22,11,10,5789.04);
Insert into TEAMCLOUD.IMS_PO_LINE (POL_ID,POL_PO,POL_PRODUCT,POL_QUANTITY,POL_COST) values (12,20,16,6,5820.62);
Insert into TEAMCLOUD.IMS_PO_LINE (POL_ID,POL_PO,POL_PRODUCT,POL_QUANTITY,POL_COST) values (14,4,13,2,9198.13);
Insert into TEAMCLOUD.IMS_PO_LINE (POL_ID,POL_PO,POL_PRODUCT,POL_QUANTITY,POL_COST) values (15,11,11,8,852.24);
Insert into TEAMCLOUD.IMS_PO_LINE (POL_ID,POL_PO,POL_PRODUCT,POL_QUANTITY,POL_COST) values (16,24,4,1,4326.31);
Insert into TEAMCLOUD.IMS_PO_LINE (POL_ID,POL_PO,POL_PRODUCT,POL_QUANTITY,POL_COST) values (17,1,11,5,3783.92);
Insert into TEAMCLOUD.IMS_PO_LINE (POL_ID,POL_PO,POL_PRODUCT,POL_QUANTITY,POL_COST) values (19,8,1,4,4218.81);
Insert into TEAMCLOUD.IMS_PO_LINE (POL_ID,POL_PO,POL_PRODUCT,POL_QUANTITY,POL_COST) values (21,5,7,4,1018.72);
Insert into TEAMCLOUD.IMS_PO_LINE (POL_ID,POL_PO,POL_PRODUCT,POL_QUANTITY,POL_COST) values (22,25,9,6,436.17);
Insert into TEAMCLOUD.IMS_PO_LINE (POL_ID,POL_PO,POL_PRODUCT,POL_QUANTITY,POL_COST) values (23,20,16,9,3513.62);
Insert into TEAMCLOUD.IMS_PO_LINE (POL_ID,POL_PO,POL_PRODUCT,POL_QUANTITY,POL_COST) values (25,2,11,7,8012.45);
Insert into TEAMCLOUD.IMS_PO_LINE (POL_ID,POL_PO,POL_PRODUCT,POL_QUANTITY,POL_COST) values (29,10,16,3,7009.85);
Insert into TEAMCLOUD.IMS_PO_LINE (POL_ID,POL_PO,POL_PRODUCT,POL_QUANTITY,POL_COST) values (30,24,3,8,4251.09);
Insert into TEAMCLOUD.IMS_PO_LINE (POL_ID,POL_PO,POL_PRODUCT,POL_QUANTITY,POL_COST) values (32,4,14,6,8022.07);
Insert into TEAMCLOUD.IMS_PO_LINE (POL_ID,POL_PO,POL_PRODUCT,POL_QUANTITY,POL_COST) values (33,4,13,1,4712.26);
Insert into TEAMCLOUD.IMS_PO_LINE (POL_ID,POL_PO,POL_PRODUCT,POL_QUANTITY,POL_COST) values (34,20,14,2,7290.12);
Insert into TEAMCLOUD.IMS_PO_LINE (POL_ID,POL_PO,POL_PRODUCT,POL_QUANTITY,POL_COST) values (35,11,7,4,7071.58);
Insert into TEAMCLOUD.IMS_PO_LINE (POL_ID,POL_PO,POL_PRODUCT,POL_QUANTITY,POL_COST) values (38,16,15,8,7044.89);
Insert into TEAMCLOUD.IMS_PO_LINE (POL_ID,POL_PO,POL_PRODUCT,POL_QUANTITY,POL_COST) values (39,17,7,4,940.35);
Insert into TEAMCLOUD.IMS_PO_LINE (POL_ID,POL_PO,POL_PRODUCT,POL_QUANTITY,POL_COST) values (40,17,7,5,8406);
Insert into TEAMCLOUD.IMS_PO_LINE (POL_ID,POL_PO,POL_PRODUCT,POL_QUANTITY,POL_COST) values (41,12,1,2,8503.47);
Insert into TEAMCLOUD.IMS_PO_LINE (POL_ID,POL_PO,POL_PRODUCT,POL_QUANTITY,POL_COST) values (42,25,10,5,124.56);
Insert into TEAMCLOUD.IMS_PO_LINE (POL_ID,POL_PO,POL_PRODUCT,POL_QUANTITY,POL_COST) values (43,15,15,1,2334.73);
Insert into TEAMCLOUD.IMS_PO_LINE (POL_ID,POL_PO,POL_PRODUCT,POL_QUANTITY,POL_COST) values (44,20,1,6,8942.73);
Insert into TEAMCLOUD.IMS_PO_LINE (POL_ID,POL_PO,POL_PRODUCT,POL_QUANTITY,POL_COST) values (45,9,6,3,2376.43);
Insert into TEAMCLOUD.IMS_PO_LINE (POL_ID,POL_PO,POL_PRODUCT,POL_QUANTITY,POL_COST) values (46,18,3,9,2606.02);
Insert into TEAMCLOUD.IMS_PO_LINE (POL_ID,POL_PO,POL_PRODUCT,POL_QUANTITY,POL_COST) values (47,20,3,8,2962);
Insert into TEAMCLOUD.IMS_PO_LINE (POL_ID,POL_PO,POL_PRODUCT,POL_QUANTITY,POL_COST) values (49,10,13,2,1503.85);
Insert into TEAMCLOUD.IMS_PO_LINE (POL_ID,POL_PO,POL_PRODUCT,POL_QUANTITY,POL_COST) values (50,23,12,1,3538.56);
Insert into TEAMCLOUD.IMS_PO_LINE (POL_ID,POL_PO,POL_PRODUCT,POL_QUANTITY,POL_COST) values (51,18,9,3,5448.38);
Insert into TEAMCLOUD.IMS_PO_LINE (POL_ID,POL_PO,POL_PRODUCT,POL_QUANTITY,POL_COST) values (52,20,14,2,502.52);
Insert into TEAMCLOUD.IMS_PO_LINE (POL_ID,POL_PO,POL_PRODUCT,POL_QUANTITY,POL_COST) values (54,25,11,10,9622.86);
Insert into TEAMCLOUD.IMS_PO_LINE (POL_ID,POL_PO,POL_PRODUCT,POL_QUANTITY,POL_COST) values (55,13,7,10,7231.36);
Insert into TEAMCLOUD.IMS_PO_LINE (POL_ID,POL_PO,POL_PRODUCT,POL_QUANTITY,POL_COST) values (56,12,1,6,1214.38);
Insert into TEAMCLOUD.IMS_PO_LINE (POL_ID,POL_PO,POL_PRODUCT,POL_QUANTITY,POL_COST) values (58,17,13,10,3027.07);
Insert into TEAMCLOUD.IMS_PO_LINE (POL_ID,POL_PO,POL_PRODUCT,POL_QUANTITY,POL_COST) values (59,24,10,3,2331.44);
Insert into TEAMCLOUD.IMS_PO_LINE (POL_ID,POL_PO,POL_PRODUCT,POL_QUANTITY,POL_COST) values (62,10,7,8,5727.78);
Insert into TEAMCLOUD.IMS_PO_LINE (POL_ID,POL_PO,POL_PRODUCT,POL_QUANTITY,POL_COST) values (65,13,2,2,7697.61);
Insert into TEAMCLOUD.IMS_PO_LINE (POL_ID,POL_PO,POL_PRODUCT,POL_QUANTITY,POL_COST) values (67,23,7,8,9440.93);
Insert into TEAMCLOUD.IMS_PO_LINE (POL_ID,POL_PO,POL_PRODUCT,POL_QUANTITY,POL_COST) values (68,24,2,5,7345.45);
Insert into TEAMCLOUD.IMS_PO_LINE (POL_ID,POL_PO,POL_PRODUCT,POL_QUANTITY,POL_COST) values (69,3,4,10,4274.14);
Insert into TEAMCLOUD.IMS_PO_LINE (POL_ID,POL_PO,POL_PRODUCT,POL_QUANTITY,POL_COST) values (70,8,13,4,7874.69);
Insert into TEAMCLOUD.IMS_PO_LINE (POL_ID,POL_PO,POL_PRODUCT,POL_QUANTITY,POL_COST) values (71,25,10,5,2624.08);
Insert into TEAMCLOUD.IMS_PO_LINE (POL_ID,POL_PO,POL_PRODUCT,POL_QUANTITY,POL_COST) values (72,5,13,8,355.71);
Insert into TEAMCLOUD.IMS_PO_LINE (POL_ID,POL_PO,POL_PRODUCT,POL_QUANTITY,POL_COST) values (74,21,15,6,5338);
Insert into TEAMCLOUD.IMS_PO_LINE (POL_ID,POL_PO,POL_PRODUCT,POL_QUANTITY,POL_COST) values (75,9,6,1,1715.68);
Insert into TEAMCLOUD.IMS_PO_LINE (POL_ID,POL_PO,POL_PRODUCT,POL_QUANTITY,POL_COST) values (76,15,7,7,9510.16);
Insert into TEAMCLOUD.IMS_PO_LINE (POL_ID,POL_PO,POL_PRODUCT,POL_QUANTITY,POL_COST) values (78,9,16,2,1248.01);
Insert into TEAMCLOUD.IMS_PO_LINE (POL_ID,POL_PO,POL_PRODUCT,POL_QUANTITY,POL_COST) values (82,2,10,1,1377.88);
Insert into TEAMCLOUD.IMS_PO_LINE (POL_ID,POL_PO,POL_PRODUCT,POL_QUANTITY,POL_COST) values (83,1,13,1,2901.71);
Insert into TEAMCLOUD.IMS_PO_LINE (POL_ID,POL_PO,POL_PRODUCT,POL_QUANTITY,POL_COST) values (84,14,12,8,8337.71);
Insert into TEAMCLOUD.IMS_PO_LINE (POL_ID,POL_PO,POL_PRODUCT,POL_QUANTITY,POL_COST) values (85,8,16,7,2038.87);
Insert into TEAMCLOUD.IMS_PO_LINE (POL_ID,POL_PO,POL_PRODUCT,POL_QUANTITY,POL_COST) values (88,1,12,9,34.69);
Insert into TEAMCLOUD.IMS_PO_LINE (POL_ID,POL_PO,POL_PRODUCT,POL_QUANTITY,POL_COST) values (90,21,16,5,1769.49);
Insert into TEAMCLOUD.IMS_PO_LINE (POL_ID,POL_PO,POL_PRODUCT,POL_QUANTITY,POL_COST) values (93,21,11,9,7917.11);
Insert into TEAMCLOUD.IMS_PO_LINE (POL_ID,POL_PO,POL_PRODUCT,POL_QUANTITY,POL_COST) values (95,14,13,9,1513.2);
Insert into TEAMCLOUD.IMS_PO_LINE (POL_ID,POL_PO,POL_PRODUCT,POL_QUANTITY,POL_COST) values (96,10,6,5,7477.16);
REM INSERTING into TEAMCLOUD.IMS_PRODUCT
SET DEFINE OFF;
Insert into TEAMCLOUD.IMS_PRODUCT (P_ID,P_NAME,P_SUPPLIER_PRICE,P_RETAILER_PRICE) values (1,'CABERNET',10,25);
Insert into TEAMCLOUD.IMS_PRODUCT (P_ID,P_NAME,P_SUPPLIER_PRICE,P_RETAILER_PRICE) values (2,'CHARDONNAY',15,50);
Insert into TEAMCLOUD.IMS_PRODUCT (P_ID,P_NAME,P_SUPPLIER_PRICE,P_RETAILER_PRICE) values (3,'BUD',1,5);
Insert into TEAMCLOUD.IMS_PRODUCT (P_ID,P_NAME,P_SUPPLIER_PRICE,P_RETAILER_PRICE) values (4,'COORS',0.75,1);
Insert into TEAMCLOUD.IMS_PRODUCT (P_ID,P_NAME,P_SUPPLIER_PRICE,P_RETAILER_PRICE) values (5,'EVERCLEAR',5,10);
Insert into TEAMCLOUD.IMS_PRODUCT (P_ID,P_NAME,P_SUPPLIER_PRICE,P_RETAILER_PRICE) values (6,'BACARDI',6,9);
Insert into TEAMCLOUD.IMS_PRODUCT (P_ID,P_NAME,P_SUPPLIER_PRICE,P_RETAILER_PRICE) values (7,'HORNSBY''S',15,20);
Insert into TEAMCLOUD.IMS_PRODUCT (P_ID,P_NAME,P_SUPPLIER_PRICE,P_RETAILER_PRICE) values (8,'CIDER JACK',12,25);
Insert into TEAMCLOUD.IMS_PRODUCT (P_ID,P_NAME,P_SUPPLIER_PRICE,P_RETAILER_PRICE) values (9,'GUINESS',3,5);
Insert into TEAMCLOUD.IMS_PRODUCT (P_ID,P_NAME,P_SUPPLIER_PRICE,P_RETAILER_PRICE) values (10,'BASS',4,8);
Insert into TEAMCLOUD.IMS_PRODUCT (P_ID,P_NAME,P_SUPPLIER_PRICE,P_RETAILER_PRICE) values (11,'HARP',3,9);
Insert into TEAMCLOUD.IMS_PRODUCT (P_ID,P_NAME,P_SUPPLIER_PRICE,P_RETAILER_PRICE) values (12,'MERLOT',7,15);
Insert into TEAMCLOUD.IMS_PRODUCT (P_ID,P_NAME,P_SUPPLIER_PRICE,P_RETAILER_PRICE) values (13,'SANGRIA',19,27);
Insert into TEAMCLOUD.IMS_PRODUCT (P_ID,P_NAME,P_SUPPLIER_PRICE,P_RETAILER_PRICE) values (14,'ZINFANDEL',15,31);
Insert into TEAMCLOUD.IMS_PRODUCT (P_ID,P_NAME,P_SUPPLIER_PRICE,P_RETAILER_PRICE) values (15,'PINOT GRINGIO',20,33);
Insert into TEAMCLOUD.IMS_PRODUCT (P_ID,P_NAME,P_SUPPLIER_PRICE,P_RETAILER_PRICE) values (16,'TEQUILA',11,21);
REM INSERTING into TEAMCLOUD.IMS_PRODUCT_CATEGORY
SET DEFINE OFF;
Insert into TEAMCLOUD.IMS_PRODUCT_CATEGORY (P_ID,C_ID) values (1,2);
Insert into TEAMCLOUD.IMS_PRODUCT_CATEGORY (P_ID,C_ID) values (1,4);
Insert into TEAMCLOUD.IMS_PRODUCT_CATEGORY (P_ID,C_ID) values (3,1);
Insert into TEAMCLOUD.IMS_PRODUCT_CATEGORY (P_ID,C_ID) values (3,4);
Insert into TEAMCLOUD.IMS_PRODUCT_CATEGORY (P_ID,C_ID) values (4,1);
Insert into TEAMCLOUD.IMS_PRODUCT_CATEGORY (P_ID,C_ID) values (4,4);
Insert into TEAMCLOUD.IMS_PRODUCT_CATEGORY (P_ID,C_ID) values (5,3);
Insert into TEAMCLOUD.IMS_PRODUCT_CATEGORY (P_ID,C_ID) values (5,5);
Insert into TEAMCLOUD.IMS_PRODUCT_CATEGORY (P_ID,C_ID) values (6,3);
Insert into TEAMCLOUD.IMS_PRODUCT_CATEGORY (P_ID,C_ID) values (6,5);
Insert into TEAMCLOUD.IMS_PRODUCT_CATEGORY (P_ID,C_ID) values (7,3);
Insert into TEAMCLOUD.IMS_PRODUCT_CATEGORY (P_ID,C_ID) values (7,5);
Insert into TEAMCLOUD.IMS_PRODUCT_CATEGORY (P_ID,C_ID) values (8,3);
Insert into TEAMCLOUD.IMS_PRODUCT_CATEGORY (P_ID,C_ID) values (8,5);
Insert into TEAMCLOUD.IMS_PRODUCT_CATEGORY (P_ID,C_ID) values (9,1);
Insert into TEAMCLOUD.IMS_PRODUCT_CATEGORY (P_ID,C_ID) values (9,4);
Insert into TEAMCLOUD.IMS_PRODUCT_CATEGORY (P_ID,C_ID) values (10,1);
Insert into TEAMCLOUD.IMS_PRODUCT_CATEGORY (P_ID,C_ID) values (10,4);
Insert into TEAMCLOUD.IMS_PRODUCT_CATEGORY (P_ID,C_ID) values (11,1);
Insert into TEAMCLOUD.IMS_PRODUCT_CATEGORY (P_ID,C_ID) values (11,4);
Insert into TEAMCLOUD.IMS_PRODUCT_CATEGORY (P_ID,C_ID) values (12,2);
Insert into TEAMCLOUD.IMS_PRODUCT_CATEGORY (P_ID,C_ID) values (12,4);
Insert into TEAMCLOUD.IMS_PRODUCT_CATEGORY (P_ID,C_ID) values (13,2);
Insert into TEAMCLOUD.IMS_PRODUCT_CATEGORY (P_ID,C_ID) values (13,5);
Insert into TEAMCLOUD.IMS_PRODUCT_CATEGORY (P_ID,C_ID) values (14,2);
Insert into TEAMCLOUD.IMS_PRODUCT_CATEGORY (P_ID,C_ID) values (14,4);
Insert into TEAMCLOUD.IMS_PRODUCT_CATEGORY (P_ID,C_ID) values (15,1);
Insert into TEAMCLOUD.IMS_PRODUCT_CATEGORY (P_ID,C_ID) values (15,4);
Insert into TEAMCLOUD.IMS_PRODUCT_CATEGORY (P_ID,C_ID) values (16,3);
Insert into TEAMCLOUD.IMS_PRODUCT_CATEGORY (P_ID,C_ID) values (16,4);
REM INSERTING into TEAMCLOUD.IMS_PURCHASE_ORDER
SET DEFINE OFF;
Insert into TEAMCLOUD.IMS_PURCHASE_ORDER (PO_ID,PO_TS,PO_SUPPLIER,PO_RETAILER,PO_COST) values (2,to_timestamp('02-MAR-17 10.36.58.000000000 AM','DD-MON-RR HH.MI.SSXFF AM'),1,3,229899.23);
Insert into TEAMCLOUD.IMS_PURCHASE_ORDER (PO_ID,PO_TS,PO_SUPPLIER,PO_RETAILER,PO_COST) values (3,to_timestamp('25-MAR-17 02.12.14.000000000 AM','DD-MON-RR HH.MI.SSXFF AM'),3,2,661825.28);
Insert into TEAMCLOUD.IMS_PURCHASE_ORDER (PO_ID,PO_TS,PO_SUPPLIER,PO_RETAILER,PO_COST) values (5,to_timestamp('11-JUN-17 11.36.40.000000000 AM','DD-MON-RR HH.MI.SSXFF AM'),1,2,385910.94);
Insert into TEAMCLOUD.IMS_PURCHASE_ORDER (PO_ID,PO_TS,PO_SUPPLIER,PO_RETAILER,PO_COST) values (6,to_timestamp('26-JUL-16 06.54.46.000000000 AM','DD-MON-RR HH.MI.SSXFF AM'),1,5,843331.99);
Insert into TEAMCLOUD.IMS_PURCHASE_ORDER (PO_ID,PO_TS,PO_SUPPLIER,PO_RETAILER,PO_COST) values (9,to_timestamp('05-AUG-16 09.09.01.000000000 AM','DD-MON-RR HH.MI.SSXFF AM'),1,5,465841.11);
Insert into TEAMCLOUD.IMS_PURCHASE_ORDER (PO_ID,PO_TS,PO_SUPPLIER,PO_RETAILER,PO_COST) values (10,to_timestamp('02-MAR-17 09.58.26.000000000 AM','DD-MON-RR HH.MI.SSXFF AM'),4,5,138795.71);
Insert into TEAMCLOUD.IMS_PURCHASE_ORDER (PO_ID,PO_TS,PO_SUPPLIER,PO_RETAILER,PO_COST) values (12,to_timestamp('02-APR-17 04.32.41.000000000 AM','DD-MON-RR HH.MI.SSXFF AM'),4,4,409257.47);
Insert into TEAMCLOUD.IMS_PURCHASE_ORDER (PO_ID,PO_TS,PO_SUPPLIER,PO_RETAILER,PO_COST) values (14,to_timestamp('24-SEP-16 10.29.14.000000000 AM','DD-MON-RR HH.MI.SSXFF AM'),4,3,283484.8);
Insert into TEAMCLOUD.IMS_PURCHASE_ORDER (PO_ID,PO_TS,PO_SUPPLIER,PO_RETAILER,PO_COST) values (15,to_timestamp('17-FEB-17 07.29.50.000000000 AM','DD-MON-RR HH.MI.SSXFF AM'),2,2,937469.64);
Insert into TEAMCLOUD.IMS_PURCHASE_ORDER (PO_ID,PO_TS,PO_SUPPLIER,PO_RETAILER,PO_COST) values (17,to_timestamp('24-JAN-17 04.42.17.000000000 AM','DD-MON-RR HH.MI.SSXFF AM'),3,2,533400.56);
Insert into TEAMCLOUD.IMS_PURCHASE_ORDER (PO_ID,PO_TS,PO_SUPPLIER,PO_RETAILER,PO_COST) values (18,to_timestamp('19-OCT-16 06.14.00.000000000 AM','DD-MON-RR HH.MI.SSXFF AM'),5,2,224595.66);
Insert into TEAMCLOUD.IMS_PURCHASE_ORDER (PO_ID,PO_TS,PO_SUPPLIER,PO_RETAILER,PO_COST) values (23,to_timestamp('09-MAR-17 08.11.34.000000000 AM','DD-MON-RR HH.MI.SSXFF AM'),3,5,750409.55);
Insert into TEAMCLOUD.IMS_PURCHASE_ORDER (PO_ID,PO_TS,PO_SUPPLIER,PO_RETAILER,PO_COST) values (25,to_timestamp('15-JAN-17 04.18.13.000000000 AM','DD-MON-RR HH.MI.SSXFF AM'),5,4,346445.56);
Insert into TEAMCLOUD.IMS_PURCHASE_ORDER (PO_ID,PO_TS,PO_SUPPLIER,PO_RETAILER,PO_COST) values (1,to_timestamp('23-SEP-16 05.08.02.000000000 AM','DD-MON-RR HH.MI.SSXFF AM'),2,2,410345.12);
Insert into TEAMCLOUD.IMS_PURCHASE_ORDER (PO_ID,PO_TS,PO_SUPPLIER,PO_RETAILER,PO_COST) values (4,to_timestamp('18-MAY-17 08.52.15.000000000 AM','DD-MON-RR HH.MI.SSXFF AM'),2,3,789626.51);
Insert into TEAMCLOUD.IMS_PURCHASE_ORDER (PO_ID,PO_TS,PO_SUPPLIER,PO_RETAILER,PO_COST) values (7,to_timestamp('16-NOV-16 11.52.38.000000000 AM','DD-MON-RR HH.MI.SSXFF AM'),5,4,780135.59);
Insert into TEAMCLOUD.IMS_PURCHASE_ORDER (PO_ID,PO_TS,PO_SUPPLIER,PO_RETAILER,PO_COST) values (8,to_timestamp('29-JUL-16 02.59.19.000000000 AM','DD-MON-RR HH.MI.SSXFF AM'),1,4,339856.45);
Insert into TEAMCLOUD.IMS_PURCHASE_ORDER (PO_ID,PO_TS,PO_SUPPLIER,PO_RETAILER,PO_COST) values (11,to_timestamp('08-MAY-17 03.08.06.000000000 AM','DD-MON-RR HH.MI.SSXFF AM'),5,1,823712.85);
Insert into TEAMCLOUD.IMS_PURCHASE_ORDER (PO_ID,PO_TS,PO_SUPPLIER,PO_RETAILER,PO_COST) values (13,to_timestamp('18-OCT-16 07.27.24.000000000 AM','DD-MON-RR HH.MI.SSXFF AM'),5,3,891902.68);
Insert into TEAMCLOUD.IMS_PURCHASE_ORDER (PO_ID,PO_TS,PO_SUPPLIER,PO_RETAILER,PO_COST) values (16,to_timestamp('23-SEP-16 03.12.05.000000000 AM','DD-MON-RR HH.MI.SSXFF AM'),1,4,603837.9);
Insert into TEAMCLOUD.IMS_PURCHASE_ORDER (PO_ID,PO_TS,PO_SUPPLIER,PO_RETAILER,PO_COST) values (19,to_timestamp('24-JAN-17 07.10.54.000000000 AM','DD-MON-RR HH.MI.SSXFF AM'),3,4,611078.03);
Insert into TEAMCLOUD.IMS_PURCHASE_ORDER (PO_ID,PO_TS,PO_SUPPLIER,PO_RETAILER,PO_COST) values (20,to_timestamp('13-JUN-17 06.52.23.000000000 AM','DD-MON-RR HH.MI.SSXFF AM'),2,3,825912.97);
Insert into TEAMCLOUD.IMS_PURCHASE_ORDER (PO_ID,PO_TS,PO_SUPPLIER,PO_RETAILER,PO_COST) values (21,to_timestamp('07-FEB-17 11.38.42.000000000 AM','DD-MON-RR HH.MI.SSXFF AM'),2,1,340809.18);
Insert into TEAMCLOUD.IMS_PURCHASE_ORDER (PO_ID,PO_TS,PO_SUPPLIER,PO_RETAILER,PO_COST) values (22,to_timestamp('06-OCT-16 06.28.01.000000000 AM','DD-MON-RR HH.MI.SSXFF AM'),1,4,776373.96);
Insert into TEAMCLOUD.IMS_PURCHASE_ORDER (PO_ID,PO_TS,PO_SUPPLIER,PO_RETAILER,PO_COST) values (24,to_timestamp('22-JUL-16 11.29.53.000000000 AM','DD-MON-RR HH.MI.SSXFF AM'),4,1,858610.84);
REM INSERTING into TEAMCLOUD.IMS_RETAILER
SET DEFINE OFF;
Insert into TEAMCLOUD.IMS_RETAILER (R_ID,R_NAME,R_ADDRESS) values (1,'Shanahan, Koepp and Brown',6);
Insert into TEAMCLOUD.IMS_RETAILER (R_ID,R_NAME,R_ADDRESS) values (2,'Sporer Inc',7);
Insert into TEAMCLOUD.IMS_RETAILER (R_ID,R_NAME,R_ADDRESS) values (3,'Hahn, Torp and Morissette',8);
Insert into TEAMCLOUD.IMS_RETAILER (R_ID,R_NAME,R_ADDRESS) values (4,'Hettinger, Mitchell and Keebler',9);
Insert into TEAMCLOUD.IMS_RETAILER (R_ID,R_NAME,R_ADDRESS) values (5,'Swaniawski, Berge and Zulauf',10);
REM INSERTING into TEAMCLOUD.IMS_RETAILER_INVENTORY
SET DEFINE OFF;
Insert into TEAMCLOUD.IMS_RETAILER_INVENTORY (RI_ID,RI_RETAILER,RI_PRODUCT,RI_PRODUCT_QUNATITY,RI_PRODUCT_THRESHOLD) values (1,3,2,37,221);
Insert into TEAMCLOUD.IMS_RETAILER_INVENTORY (RI_ID,RI_RETAILER,RI_PRODUCT,RI_PRODUCT_QUNATITY,RI_PRODUCT_THRESHOLD) values (2,5,1,55,151);
Insert into TEAMCLOUD.IMS_RETAILER_INVENTORY (RI_ID,RI_RETAILER,RI_PRODUCT,RI_PRODUCT_QUNATITY,RI_PRODUCT_THRESHOLD) values (3,1,1,219,163);
Insert into TEAMCLOUD.IMS_RETAILER_INVENTORY (RI_ID,RI_RETAILER,RI_PRODUCT,RI_PRODUCT_QUNATITY,RI_PRODUCT_THRESHOLD) values (4,2,3,2,150);
Insert into TEAMCLOUD.IMS_RETAILER_INVENTORY (RI_ID,RI_RETAILER,RI_PRODUCT,RI_PRODUCT_QUNATITY,RI_PRODUCT_THRESHOLD) values (5,5,3,145,170);
Insert into TEAMCLOUD.IMS_RETAILER_INVENTORY (RI_ID,RI_RETAILER,RI_PRODUCT,RI_PRODUCT_QUNATITY,RI_PRODUCT_THRESHOLD) values (6,5,3,75,186);
Insert into TEAMCLOUD.IMS_RETAILER_INVENTORY (RI_ID,RI_RETAILER,RI_PRODUCT,RI_PRODUCT_QUNATITY,RI_PRODUCT_THRESHOLD) values (7,2,2,219,158);
Insert into TEAMCLOUD.IMS_RETAILER_INVENTORY (RI_ID,RI_RETAILER,RI_PRODUCT,RI_PRODUCT_QUNATITY,RI_PRODUCT_THRESHOLD) values (8,5,4,119,199);
Insert into TEAMCLOUD.IMS_RETAILER_INVENTORY (RI_ID,RI_RETAILER,RI_PRODUCT,RI_PRODUCT_QUNATITY,RI_PRODUCT_THRESHOLD) values (9,4,3,100,200);
Insert into TEAMCLOUD.IMS_RETAILER_INVENTORY (RI_ID,RI_RETAILER,RI_PRODUCT,RI_PRODUCT_QUNATITY,RI_PRODUCT_THRESHOLD) values (10,3,1,383,233);
Insert into TEAMCLOUD.IMS_RETAILER_INVENTORY (RI_ID,RI_RETAILER,RI_PRODUCT,RI_PRODUCT_QUNATITY,RI_PRODUCT_THRESHOLD) values (11,3,1,266,186);
Insert into TEAMCLOUD.IMS_RETAILER_INVENTORY (RI_ID,RI_RETAILER,RI_PRODUCT,RI_PRODUCT_QUNATITY,RI_PRODUCT_THRESHOLD) values (12,1,5,43,234);
Insert into TEAMCLOUD.IMS_RETAILER_INVENTORY (RI_ID,RI_RETAILER,RI_PRODUCT,RI_PRODUCT_QUNATITY,RI_PRODUCT_THRESHOLD) values (13,2,3,232,197);
Insert into TEAMCLOUD.IMS_RETAILER_INVENTORY (RI_ID,RI_RETAILER,RI_PRODUCT,RI_PRODUCT_QUNATITY,RI_PRODUCT_THRESHOLD) values (14,2,2,319,233);
Insert into TEAMCLOUD.IMS_RETAILER_INVENTORY (RI_ID,RI_RETAILER,RI_PRODUCT,RI_PRODUCT_QUNATITY,RI_PRODUCT_THRESHOLD) values (15,4,4,444,199);
Insert into TEAMCLOUD.IMS_RETAILER_INVENTORY (RI_ID,RI_RETAILER,RI_PRODUCT,RI_PRODUCT_QUNATITY,RI_PRODUCT_THRESHOLD) values (16,4,1,426,156);
Insert into TEAMCLOUD.IMS_RETAILER_INVENTORY (RI_ID,RI_RETAILER,RI_PRODUCT,RI_PRODUCT_QUNATITY,RI_PRODUCT_THRESHOLD) values (17,1,4,310,204);
Insert into TEAMCLOUD.IMS_RETAILER_INVENTORY (RI_ID,RI_RETAILER,RI_PRODUCT,RI_PRODUCT_QUNATITY,RI_PRODUCT_THRESHOLD) values (18,3,3,219,217);
Insert into TEAMCLOUD.IMS_RETAILER_INVENTORY (RI_ID,RI_RETAILER,RI_PRODUCT,RI_PRODUCT_QUNATITY,RI_PRODUCT_THRESHOLD) values (19,1,5,358,201);
Insert into TEAMCLOUD.IMS_RETAILER_INVENTORY (RI_ID,RI_RETAILER,RI_PRODUCT,RI_PRODUCT_QUNATITY,RI_PRODUCT_THRESHOLD) values (20,4,4,192,160);
Insert into TEAMCLOUD.IMS_RETAILER_INVENTORY (RI_ID,RI_RETAILER,RI_PRODUCT,RI_PRODUCT_QUNATITY,RI_PRODUCT_THRESHOLD) values (21,1,3,201,225);
Insert into TEAMCLOUD.IMS_RETAILER_INVENTORY (RI_ID,RI_RETAILER,RI_PRODUCT,RI_PRODUCT_QUNATITY,RI_PRODUCT_THRESHOLD) values (22,4,5,491,199);
Insert into TEAMCLOUD.IMS_RETAILER_INVENTORY (RI_ID,RI_RETAILER,RI_PRODUCT,RI_PRODUCT_QUNATITY,RI_PRODUCT_THRESHOLD) values (23,4,4,398,154);
Insert into TEAMCLOUD.IMS_RETAILER_INVENTORY (RI_ID,RI_RETAILER,RI_PRODUCT,RI_PRODUCT_QUNATITY,RI_PRODUCT_THRESHOLD) values (24,2,1,444,158);
Insert into TEAMCLOUD.IMS_RETAILER_INVENTORY (RI_ID,RI_RETAILER,RI_PRODUCT,RI_PRODUCT_QUNATITY,RI_PRODUCT_THRESHOLD) values (25,4,4,8,170);
Insert into TEAMCLOUD.IMS_RETAILER_INVENTORY (RI_ID,RI_RETAILER,RI_PRODUCT,RI_PRODUCT_QUNATITY,RI_PRODUCT_THRESHOLD) values (26,2,4,90,175);
Insert into TEAMCLOUD.IMS_RETAILER_INVENTORY (RI_ID,RI_RETAILER,RI_PRODUCT,RI_PRODUCT_QUNATITY,RI_PRODUCT_THRESHOLD) values (27,1,2,188,202);
Insert into TEAMCLOUD.IMS_RETAILER_INVENTORY (RI_ID,RI_RETAILER,RI_PRODUCT,RI_PRODUCT_QUNATITY,RI_PRODUCT_THRESHOLD) values (28,1,4,117,193);
Insert into TEAMCLOUD.IMS_RETAILER_INVENTORY (RI_ID,RI_RETAILER,RI_PRODUCT,RI_PRODUCT_QUNATITY,RI_PRODUCT_THRESHOLD) values (29,4,2,140,212);
Insert into TEAMCLOUD.IMS_RETAILER_INVENTORY (RI_ID,RI_RETAILER,RI_PRODUCT,RI_PRODUCT_QUNATITY,RI_PRODUCT_THRESHOLD) values (30,3,5,274,203);
Insert into TEAMCLOUD.IMS_RETAILER_INVENTORY (RI_ID,RI_RETAILER,RI_PRODUCT,RI_PRODUCT_QUNATITY,RI_PRODUCT_THRESHOLD) values (31,3,5,450,224);
Insert into TEAMCLOUD.IMS_RETAILER_INVENTORY (RI_ID,RI_RETAILER,RI_PRODUCT,RI_PRODUCT_QUNATITY,RI_PRODUCT_THRESHOLD) values (32,1,5,102,229);
Insert into TEAMCLOUD.IMS_RETAILER_INVENTORY (RI_ID,RI_RETAILER,RI_PRODUCT,RI_PRODUCT_QUNATITY,RI_PRODUCT_THRESHOLD) values (33,5,1,108,210);
Insert into TEAMCLOUD.IMS_RETAILER_INVENTORY (RI_ID,RI_RETAILER,RI_PRODUCT,RI_PRODUCT_QUNATITY,RI_PRODUCT_THRESHOLD) values (34,4,5,131,154);
Insert into TEAMCLOUD.IMS_RETAILER_INVENTORY (RI_ID,RI_RETAILER,RI_PRODUCT,RI_PRODUCT_QUNATITY,RI_PRODUCT_THRESHOLD) values (35,3,5,38,229);
Insert into TEAMCLOUD.IMS_RETAILER_INVENTORY (RI_ID,RI_RETAILER,RI_PRODUCT,RI_PRODUCT_QUNATITY,RI_PRODUCT_THRESHOLD) values (36,2,3,336,242);
Insert into TEAMCLOUD.IMS_RETAILER_INVENTORY (RI_ID,RI_RETAILER,RI_PRODUCT,RI_PRODUCT_QUNATITY,RI_PRODUCT_THRESHOLD) values (37,5,4,282,208);
Insert into TEAMCLOUD.IMS_RETAILER_INVENTORY (RI_ID,RI_RETAILER,RI_PRODUCT,RI_PRODUCT_QUNATITY,RI_PRODUCT_THRESHOLD) values (38,4,1,235,155);
Insert into TEAMCLOUD.IMS_RETAILER_INVENTORY (RI_ID,RI_RETAILER,RI_PRODUCT,RI_PRODUCT_QUNATITY,RI_PRODUCT_THRESHOLD) values (39,3,2,276,179);
Insert into TEAMCLOUD.IMS_RETAILER_INVENTORY (RI_ID,RI_RETAILER,RI_PRODUCT,RI_PRODUCT_QUNATITY,RI_PRODUCT_THRESHOLD) values (40,5,1,53,195);
Insert into TEAMCLOUD.IMS_RETAILER_INVENTORY (RI_ID,RI_RETAILER,RI_PRODUCT,RI_PRODUCT_QUNATITY,RI_PRODUCT_THRESHOLD) values (41,5,1,440,190);
Insert into TEAMCLOUD.IMS_RETAILER_INVENTORY (RI_ID,RI_RETAILER,RI_PRODUCT,RI_PRODUCT_QUNATITY,RI_PRODUCT_THRESHOLD) values (42,5,5,136,158);
Insert into TEAMCLOUD.IMS_RETAILER_INVENTORY (RI_ID,RI_RETAILER,RI_PRODUCT,RI_PRODUCT_QUNATITY,RI_PRODUCT_THRESHOLD) values (43,2,1,361,199);
Insert into TEAMCLOUD.IMS_RETAILER_INVENTORY (RI_ID,RI_RETAILER,RI_PRODUCT,RI_PRODUCT_QUNATITY,RI_PRODUCT_THRESHOLD) values (44,3,2,352,196);
Insert into TEAMCLOUD.IMS_RETAILER_INVENTORY (RI_ID,RI_RETAILER,RI_PRODUCT,RI_PRODUCT_QUNATITY,RI_PRODUCT_THRESHOLD) values (45,3,3,108,165);
Insert into TEAMCLOUD.IMS_RETAILER_INVENTORY (RI_ID,RI_RETAILER,RI_PRODUCT,RI_PRODUCT_QUNATITY,RI_PRODUCT_THRESHOLD) values (46,5,1,208,163);
Insert into TEAMCLOUD.IMS_RETAILER_INVENTORY (RI_ID,RI_RETAILER,RI_PRODUCT,RI_PRODUCT_QUNATITY,RI_PRODUCT_THRESHOLD) values (47,3,3,365,164);
Insert into TEAMCLOUD.IMS_RETAILER_INVENTORY (RI_ID,RI_RETAILER,RI_PRODUCT,RI_PRODUCT_QUNATITY,RI_PRODUCT_THRESHOLD) values (48,3,3,371,250);
Insert into TEAMCLOUD.IMS_RETAILER_INVENTORY (RI_ID,RI_RETAILER,RI_PRODUCT,RI_PRODUCT_QUNATITY,RI_PRODUCT_THRESHOLD) values (49,5,1,274,225);
Insert into TEAMCLOUD.IMS_RETAILER_INVENTORY (RI_ID,RI_RETAILER,RI_PRODUCT,RI_PRODUCT_QUNATITY,RI_PRODUCT_THRESHOLD) values (50,3,4,368,199);
Insert into TEAMCLOUD.IMS_RETAILER_INVENTORY (RI_ID,RI_RETAILER,RI_PRODUCT,RI_PRODUCT_QUNATITY,RI_PRODUCT_THRESHOLD) values (51,5,3,228,216);
Insert into TEAMCLOUD.IMS_RETAILER_INVENTORY (RI_ID,RI_RETAILER,RI_PRODUCT,RI_PRODUCT_QUNATITY,RI_PRODUCT_THRESHOLD) values (52,2,2,30,238);
Insert into TEAMCLOUD.IMS_RETAILER_INVENTORY (RI_ID,RI_RETAILER,RI_PRODUCT,RI_PRODUCT_QUNATITY,RI_PRODUCT_THRESHOLD) values (53,2,4,179,246);
Insert into TEAMCLOUD.IMS_RETAILER_INVENTORY (RI_ID,RI_RETAILER,RI_PRODUCT,RI_PRODUCT_QUNATITY,RI_PRODUCT_THRESHOLD) values (54,5,2,481,180);
Insert into TEAMCLOUD.IMS_RETAILER_INVENTORY (RI_ID,RI_RETAILER,RI_PRODUCT,RI_PRODUCT_QUNATITY,RI_PRODUCT_THRESHOLD) values (55,5,3,158,169);
Insert into TEAMCLOUD.IMS_RETAILER_INVENTORY (RI_ID,RI_RETAILER,RI_PRODUCT,RI_PRODUCT_QUNATITY,RI_PRODUCT_THRESHOLD) values (56,4,4,261,211);
Insert into TEAMCLOUD.IMS_RETAILER_INVENTORY (RI_ID,RI_RETAILER,RI_PRODUCT,RI_PRODUCT_QUNATITY,RI_PRODUCT_THRESHOLD) values (57,5,5,498,156);
Insert into TEAMCLOUD.IMS_RETAILER_INVENTORY (RI_ID,RI_RETAILER,RI_PRODUCT,RI_PRODUCT_QUNATITY,RI_PRODUCT_THRESHOLD) values (58,5,3,74,152);
Insert into TEAMCLOUD.IMS_RETAILER_INVENTORY (RI_ID,RI_RETAILER,RI_PRODUCT,RI_PRODUCT_QUNATITY,RI_PRODUCT_THRESHOLD) values (59,3,2,427,167);
Insert into TEAMCLOUD.IMS_RETAILER_INVENTORY (RI_ID,RI_RETAILER,RI_PRODUCT,RI_PRODUCT_QUNATITY,RI_PRODUCT_THRESHOLD) values (60,3,2,343,181);
Insert into TEAMCLOUD.IMS_RETAILER_INVENTORY (RI_ID,RI_RETAILER,RI_PRODUCT,RI_PRODUCT_QUNATITY,RI_PRODUCT_THRESHOLD) values (61,3,1,384,157);
Insert into TEAMCLOUD.IMS_RETAILER_INVENTORY (RI_ID,RI_RETAILER,RI_PRODUCT,RI_PRODUCT_QUNATITY,RI_PRODUCT_THRESHOLD) values (62,3,5,273,249);
Insert into TEAMCLOUD.IMS_RETAILER_INVENTORY (RI_ID,RI_RETAILER,RI_PRODUCT,RI_PRODUCT_QUNATITY,RI_PRODUCT_THRESHOLD) values (63,1,5,138,186);
Insert into TEAMCLOUD.IMS_RETAILER_INVENTORY (RI_ID,RI_RETAILER,RI_PRODUCT,RI_PRODUCT_QUNATITY,RI_PRODUCT_THRESHOLD) values (64,4,2,381,214);
Insert into TEAMCLOUD.IMS_RETAILER_INVENTORY (RI_ID,RI_RETAILER,RI_PRODUCT,RI_PRODUCT_QUNATITY,RI_PRODUCT_THRESHOLD) values (65,4,2,367,164);
Insert into TEAMCLOUD.IMS_RETAILER_INVENTORY (RI_ID,RI_RETAILER,RI_PRODUCT,RI_PRODUCT_QUNATITY,RI_PRODUCT_THRESHOLD) values (66,3,1,412,250);
Insert into TEAMCLOUD.IMS_RETAILER_INVENTORY (RI_ID,RI_RETAILER,RI_PRODUCT,RI_PRODUCT_QUNATITY,RI_PRODUCT_THRESHOLD) values (67,3,4,79,231);
Insert into TEAMCLOUD.IMS_RETAILER_INVENTORY (RI_ID,RI_RETAILER,RI_PRODUCT,RI_PRODUCT_QUNATITY,RI_PRODUCT_THRESHOLD) values (68,3,1,426,200);
Insert into TEAMCLOUD.IMS_RETAILER_INVENTORY (RI_ID,RI_RETAILER,RI_PRODUCT,RI_PRODUCT_QUNATITY,RI_PRODUCT_THRESHOLD) values (69,1,2,8,176);
Insert into TEAMCLOUD.IMS_RETAILER_INVENTORY (RI_ID,RI_RETAILER,RI_PRODUCT,RI_PRODUCT_QUNATITY,RI_PRODUCT_THRESHOLD) values (70,3,3,168,249);
Insert into TEAMCLOUD.IMS_RETAILER_INVENTORY (RI_ID,RI_RETAILER,RI_PRODUCT,RI_PRODUCT_QUNATITY,RI_PRODUCT_THRESHOLD) values (71,4,3,194,158);
Insert into TEAMCLOUD.IMS_RETAILER_INVENTORY (RI_ID,RI_RETAILER,RI_PRODUCT,RI_PRODUCT_QUNATITY,RI_PRODUCT_THRESHOLD) values (72,3,3,254,227);
Insert into TEAMCLOUD.IMS_RETAILER_INVENTORY (RI_ID,RI_RETAILER,RI_PRODUCT,RI_PRODUCT_QUNATITY,RI_PRODUCT_THRESHOLD) values (73,4,5,12,187);
Insert into TEAMCLOUD.IMS_RETAILER_INVENTORY (RI_ID,RI_RETAILER,RI_PRODUCT,RI_PRODUCT_QUNATITY,RI_PRODUCT_THRESHOLD) values (74,2,1,215,237);
Insert into TEAMCLOUD.IMS_RETAILER_INVENTORY (RI_ID,RI_RETAILER,RI_PRODUCT,RI_PRODUCT_QUNATITY,RI_PRODUCT_THRESHOLD) values (75,5,1,440,221);
Insert into TEAMCLOUD.IMS_RETAILER_INVENTORY (RI_ID,RI_RETAILER,RI_PRODUCT,RI_PRODUCT_QUNATITY,RI_PRODUCT_THRESHOLD) values (76,5,2,49,198);
Insert into TEAMCLOUD.IMS_RETAILER_INVENTORY (RI_ID,RI_RETAILER,RI_PRODUCT,RI_PRODUCT_QUNATITY,RI_PRODUCT_THRESHOLD) values (77,3,5,132,185);
Insert into TEAMCLOUD.IMS_RETAILER_INVENTORY (RI_ID,RI_RETAILER,RI_PRODUCT,RI_PRODUCT_QUNATITY,RI_PRODUCT_THRESHOLD) values (78,4,5,305,154);
Insert into TEAMCLOUD.IMS_RETAILER_INVENTORY (RI_ID,RI_RETAILER,RI_PRODUCT,RI_PRODUCT_QUNATITY,RI_PRODUCT_THRESHOLD) values (79,3,5,38,165);
Insert into TEAMCLOUD.IMS_RETAILER_INVENTORY (RI_ID,RI_RETAILER,RI_PRODUCT,RI_PRODUCT_QUNATITY,RI_PRODUCT_THRESHOLD) values (80,4,5,296,216);
Insert into TEAMCLOUD.IMS_RETAILER_INVENTORY (RI_ID,RI_RETAILER,RI_PRODUCT,RI_PRODUCT_QUNATITY,RI_PRODUCT_THRESHOLD) values (81,2,1,77,246);
Insert into TEAMCLOUD.IMS_RETAILER_INVENTORY (RI_ID,RI_RETAILER,RI_PRODUCT,RI_PRODUCT_QUNATITY,RI_PRODUCT_THRESHOLD) values (82,2,3,497,167);
Insert into TEAMCLOUD.IMS_RETAILER_INVENTORY (RI_ID,RI_RETAILER,RI_PRODUCT,RI_PRODUCT_QUNATITY,RI_PRODUCT_THRESHOLD) values (83,3,2,403,248);
Insert into TEAMCLOUD.IMS_RETAILER_INVENTORY (RI_ID,RI_RETAILER,RI_PRODUCT,RI_PRODUCT_QUNATITY,RI_PRODUCT_THRESHOLD) values (84,4,5,395,232);
Insert into TEAMCLOUD.IMS_RETAILER_INVENTORY (RI_ID,RI_RETAILER,RI_PRODUCT,RI_PRODUCT_QUNATITY,RI_PRODUCT_THRESHOLD) values (85,1,3,416,156);
Insert into TEAMCLOUD.IMS_RETAILER_INVENTORY (RI_ID,RI_RETAILER,RI_PRODUCT,RI_PRODUCT_QUNATITY,RI_PRODUCT_THRESHOLD) values (86,2,2,177,238);
Insert into TEAMCLOUD.IMS_RETAILER_INVENTORY (RI_ID,RI_RETAILER,RI_PRODUCT,RI_PRODUCT_QUNATITY,RI_PRODUCT_THRESHOLD) values (87,3,4,231,167);
Insert into TEAMCLOUD.IMS_RETAILER_INVENTORY (RI_ID,RI_RETAILER,RI_PRODUCT,RI_PRODUCT_QUNATITY,RI_PRODUCT_THRESHOLD) values (88,4,4,285,211);
Insert into TEAMCLOUD.IMS_RETAILER_INVENTORY (RI_ID,RI_RETAILER,RI_PRODUCT,RI_PRODUCT_QUNATITY,RI_PRODUCT_THRESHOLD) values (89,1,3,278,206);
Insert into TEAMCLOUD.IMS_RETAILER_INVENTORY (RI_ID,RI_RETAILER,RI_PRODUCT,RI_PRODUCT_QUNATITY,RI_PRODUCT_THRESHOLD) values (90,2,4,291,164);
Insert into TEAMCLOUD.IMS_RETAILER_INVENTORY (RI_ID,RI_RETAILER,RI_PRODUCT,RI_PRODUCT_QUNATITY,RI_PRODUCT_THRESHOLD) values (91,5,1,105,161);
Insert into TEAMCLOUD.IMS_RETAILER_INVENTORY (RI_ID,RI_RETAILER,RI_PRODUCT,RI_PRODUCT_QUNATITY,RI_PRODUCT_THRESHOLD) values (92,5,4,409,225);
Insert into TEAMCLOUD.IMS_RETAILER_INVENTORY (RI_ID,RI_RETAILER,RI_PRODUCT,RI_PRODUCT_QUNATITY,RI_PRODUCT_THRESHOLD) values (93,1,5,484,216);
Insert into TEAMCLOUD.IMS_RETAILER_INVENTORY (RI_ID,RI_RETAILER,RI_PRODUCT,RI_PRODUCT_QUNATITY,RI_PRODUCT_THRESHOLD) values (94,5,3,172,228);
Insert into TEAMCLOUD.IMS_RETAILER_INVENTORY (RI_ID,RI_RETAILER,RI_PRODUCT,RI_PRODUCT_QUNATITY,RI_PRODUCT_THRESHOLD) values (95,3,4,264,202);
Insert into TEAMCLOUD.IMS_RETAILER_INVENTORY (RI_ID,RI_RETAILER,RI_PRODUCT,RI_PRODUCT_QUNATITY,RI_PRODUCT_THRESHOLD) values (96,5,4,369,219);
Insert into TEAMCLOUD.IMS_RETAILER_INVENTORY (RI_ID,RI_RETAILER,RI_PRODUCT,RI_PRODUCT_QUNATITY,RI_PRODUCT_THRESHOLD) values (97,4,3,116,166);
Insert into TEAMCLOUD.IMS_RETAILER_INVENTORY (RI_ID,RI_RETAILER,RI_PRODUCT,RI_PRODUCT_QUNATITY,RI_PRODUCT_THRESHOLD) values (98,1,5,381,153);
Insert into TEAMCLOUD.IMS_RETAILER_INVENTORY (RI_ID,RI_RETAILER,RI_PRODUCT,RI_PRODUCT_QUNATITY,RI_PRODUCT_THRESHOLD) values (99,3,5,183,213);
Insert into TEAMCLOUD.IMS_RETAILER_INVENTORY (RI_ID,RI_RETAILER,RI_PRODUCT,RI_PRODUCT_QUNATITY,RI_PRODUCT_THRESHOLD) values (100,3,4,279,225);
REM INSERTING into TEAMCLOUD.IMS_RETAILER_SALE
SET DEFINE OFF;
Insert into TEAMCLOUD.IMS_RETAILER_SALE (RS_ID,RS_RETAILER,RS_PRODUCT,RS_PRODUCT_QUNATITY,RS_COST,RS_TS) values (7,1,6,39,3775.67,to_timestamp('20-JAN-17 05.15.32.000000000 AM','DD-MON-RR HH.MI.SSXFF AM'));
Insert into TEAMCLOUD.IMS_RETAILER_SALE (RS_ID,RS_RETAILER,RS_PRODUCT,RS_PRODUCT_QUNATITY,RS_COST,RS_TS) values (8,4,9,96,5661.64,to_timestamp('21-JUN-17 10.15.17.000000000 AM','DD-MON-RR HH.MI.SSXFF AM'));
Insert into TEAMCLOUD.IMS_RETAILER_SALE (RS_ID,RS_RETAILER,RS_PRODUCT,RS_PRODUCT_QUNATITY,RS_COST,RS_TS) values (11,4,9,95,4101.17,to_timestamp('13-APR-17 10.38.27.000000000 AM','DD-MON-RR HH.MI.SSXFF AM'));
Insert into TEAMCLOUD.IMS_RETAILER_SALE (RS_ID,RS_RETAILER,RS_PRODUCT,RS_PRODUCT_QUNATITY,RS_COST,RS_TS) values (16,4,14,78,7259.36,to_timestamp('23-JUN-17 06.52.18.000000000 AM','DD-MON-RR HH.MI.SSXFF AM'));
Insert into TEAMCLOUD.IMS_RETAILER_SALE (RS_ID,RS_RETAILER,RS_PRODUCT,RS_PRODUCT_QUNATITY,RS_COST,RS_TS) values (18,5,2,15,6371.98,to_timestamp('13-MAY-17 01.40.07.000000000 AM','DD-MON-RR HH.MI.SSXFF AM'));
Insert into TEAMCLOUD.IMS_RETAILER_SALE (RS_ID,RS_RETAILER,RS_PRODUCT,RS_PRODUCT_QUNATITY,RS_COST,RS_TS) values (21,3,5,11,9815.83,to_timestamp('15-OCT-16 07.34.26.000000000 AM','DD-MON-RR HH.MI.SSXFF AM'));
Insert into TEAMCLOUD.IMS_RETAILER_SALE (RS_ID,RS_RETAILER,RS_PRODUCT,RS_PRODUCT_QUNATITY,RS_COST,RS_TS) values (23,4,3,69,363.88,to_timestamp('02-NOV-16 08.28.44.000000000 AM','DD-MON-RR HH.MI.SSXFF AM'));
Insert into TEAMCLOUD.IMS_RETAILER_SALE (RS_ID,RS_RETAILER,RS_PRODUCT,RS_PRODUCT_QUNATITY,RS_COST,RS_TS) values (24,4,4,7,9757.31,to_timestamp('22-MAR-17 05.26.52.000000000 AM','DD-MON-RR HH.MI.SSXFF AM'));
Insert into TEAMCLOUD.IMS_RETAILER_SALE (RS_ID,RS_RETAILER,RS_PRODUCT,RS_PRODUCT_QUNATITY,RS_COST,RS_TS) values (25,4,11,10,6744.19,to_timestamp('06-FEB-17 07.00.44.000000000 AM','DD-MON-RR HH.MI.SSXFF AM'));
Insert into TEAMCLOUD.IMS_RETAILER_SALE (RS_ID,RS_RETAILER,RS_PRODUCT,RS_PRODUCT_QUNATITY,RS_COST,RS_TS) values (26,2,6,56,8731.21,to_timestamp('03-AUG-16 01.46.14.000000000 AM','DD-MON-RR HH.MI.SSXFF AM'));
Insert into TEAMCLOUD.IMS_RETAILER_SALE (RS_ID,RS_RETAILER,RS_PRODUCT,RS_PRODUCT_QUNATITY,RS_COST,RS_TS) values (29,4,2,48,6033.8,to_timestamp('02-AUG-16 01.37.28.000000000 AM','DD-MON-RR HH.MI.SSXFF AM'));
Insert into TEAMCLOUD.IMS_RETAILER_SALE (RS_ID,RS_RETAILER,RS_PRODUCT,RS_PRODUCT_QUNATITY,RS_COST,RS_TS) values (30,1,10,14,832.6,to_timestamp('31-OCT-16 08.33.32.000000000 AM','DD-MON-RR HH.MI.SSXFF AM'));
Insert into TEAMCLOUD.IMS_RETAILER_SALE (RS_ID,RS_RETAILER,RS_PRODUCT,RS_PRODUCT_QUNATITY,RS_COST,RS_TS) values (34,2,9,47,9059.85,to_timestamp('13-MAY-17 06.36.44.000000000 AM','DD-MON-RR HH.MI.SSXFF AM'));
Insert into TEAMCLOUD.IMS_RETAILER_SALE (RS_ID,RS_RETAILER,RS_PRODUCT,RS_PRODUCT_QUNATITY,RS_COST,RS_TS) values (41,1,5,96,6752.46,to_timestamp('08-JAN-17 05.20.31.000000000 AM','DD-MON-RR HH.MI.SSXFF AM'));
Insert into TEAMCLOUD.IMS_RETAILER_SALE (RS_ID,RS_RETAILER,RS_PRODUCT,RS_PRODUCT_QUNATITY,RS_COST,RS_TS) values (42,2,4,50,3547.02,to_timestamp('21-FEB-17 09.58.14.000000000 AM','DD-MON-RR HH.MI.SSXFF AM'));
Insert into TEAMCLOUD.IMS_RETAILER_SALE (RS_ID,RS_RETAILER,RS_PRODUCT,RS_PRODUCT_QUNATITY,RS_COST,RS_TS) values (47,3,3,47,3328.21,to_timestamp('25-JUN-17 08.28.25.000000000 AM','DD-MON-RR HH.MI.SSXFF AM'));
Insert into TEAMCLOUD.IMS_RETAILER_SALE (RS_ID,RS_RETAILER,RS_PRODUCT,RS_PRODUCT_QUNATITY,RS_COST,RS_TS) values (49,1,5,8,5121.15,to_timestamp('30-MAR-17 11.54.40.000000000 AM','DD-MON-RR HH.MI.SSXFF AM'));
Insert into TEAMCLOUD.IMS_RETAILER_SALE (RS_ID,RS_RETAILER,RS_PRODUCT,RS_PRODUCT_QUNATITY,RS_COST,RS_TS) values (53,2,13,61,7039.88,to_timestamp('18-APR-17 01.52.09.000000000 AM','DD-MON-RR HH.MI.SSXFF AM'));
Insert into TEAMCLOUD.IMS_RETAILER_SALE (RS_ID,RS_RETAILER,RS_PRODUCT,RS_PRODUCT_QUNATITY,RS_COST,RS_TS) values (54,5,13,42,9423.48,to_timestamp('13-APR-17 01.54.52.000000000 AM','DD-MON-RR HH.MI.SSXFF AM'));
Insert into TEAMCLOUD.IMS_RETAILER_SALE (RS_ID,RS_RETAILER,RS_PRODUCT,RS_PRODUCT_QUNATITY,RS_COST,RS_TS) values (55,1,11,39,7554.96,to_timestamp('07-FEB-17 12.29.11.000000000 PM','DD-MON-RR HH.MI.SSXFF AM'));
Insert into TEAMCLOUD.IMS_RETAILER_SALE (RS_ID,RS_RETAILER,RS_PRODUCT,RS_PRODUCT_QUNATITY,RS_COST,RS_TS) values (56,3,7,23,1152.84,to_timestamp('01-JAN-17 06.41.45.000000000 AM','DD-MON-RR HH.MI.SSXFF AM'));
Insert into TEAMCLOUD.IMS_RETAILER_SALE (RS_ID,RS_RETAILER,RS_PRODUCT,RS_PRODUCT_QUNATITY,RS_COST,RS_TS) values (61,5,1,89,6449.94,to_timestamp('17-APR-17 05.19.53.000000000 AM','DD-MON-RR HH.MI.SSXFF AM'));
Insert into TEAMCLOUD.IMS_RETAILER_SALE (RS_ID,RS_RETAILER,RS_PRODUCT,RS_PRODUCT_QUNATITY,RS_COST,RS_TS) values (65,2,11,4,8270.34,to_timestamp('13-APR-17 02.37.32.000000000 AM','DD-MON-RR HH.MI.SSXFF AM'));
Insert into TEAMCLOUD.IMS_RETAILER_SALE (RS_ID,RS_RETAILER,RS_PRODUCT,RS_PRODUCT_QUNATITY,RS_COST,RS_TS) values (66,2,11,49,9949.82,to_timestamp('12-AUG-16 10.11.20.000000000 AM','DD-MON-RR HH.MI.SSXFF AM'));
Insert into TEAMCLOUD.IMS_RETAILER_SALE (RS_ID,RS_RETAILER,RS_PRODUCT,RS_PRODUCT_QUNATITY,RS_COST,RS_TS) values (68,4,15,19,7063.97,to_timestamp('30-APR-17 05.05.32.000000000 AM','DD-MON-RR HH.MI.SSXFF AM'));
Insert into TEAMCLOUD.IMS_RETAILER_SALE (RS_ID,RS_RETAILER,RS_PRODUCT,RS_PRODUCT_QUNATITY,RS_COST,RS_TS) values (69,5,10,33,382.71,to_timestamp('03-OCT-16 10.55.52.000000000 AM','DD-MON-RR HH.MI.SSXFF AM'));
Insert into TEAMCLOUD.IMS_RETAILER_SALE (RS_ID,RS_RETAILER,RS_PRODUCT,RS_PRODUCT_QUNATITY,RS_COST,RS_TS) values (78,4,11,35,4307.99,to_timestamp('07-JAN-17 10.31.56.000000000 AM','DD-MON-RR HH.MI.SSXFF AM'));
Insert into TEAMCLOUD.IMS_RETAILER_SALE (RS_ID,RS_RETAILER,RS_PRODUCT,RS_PRODUCT_QUNATITY,RS_COST,RS_TS) values (80,3,10,61,9835.7,to_timestamp('07-FEB-17 10.09.43.000000000 AM','DD-MON-RR HH.MI.SSXFF AM'));
Insert into TEAMCLOUD.IMS_RETAILER_SALE (RS_ID,RS_RETAILER,RS_PRODUCT,RS_PRODUCT_QUNATITY,RS_COST,RS_TS) values (82,4,2,73,5918.49,to_timestamp('29-OCT-16 02.15.20.000000000 AM','DD-MON-RR HH.MI.SSXFF AM'));
Insert into TEAMCLOUD.IMS_RETAILER_SALE (RS_ID,RS_RETAILER,RS_PRODUCT,RS_PRODUCT_QUNATITY,RS_COST,RS_TS) values (84,2,3,80,4719.87,to_timestamp('11-MAY-17 08.37.23.000000000 AM','DD-MON-RR HH.MI.SSXFF AM'));
Insert into TEAMCLOUD.IMS_RETAILER_SALE (RS_ID,RS_RETAILER,RS_PRODUCT,RS_PRODUCT_QUNATITY,RS_COST,RS_TS) values (86,4,12,90,4938.38,to_timestamp('05-SEP-16 04.14.55.000000000 AM','DD-MON-RR HH.MI.SSXFF AM'));
Insert into TEAMCLOUD.IMS_RETAILER_SALE (RS_ID,RS_RETAILER,RS_PRODUCT,RS_PRODUCT_QUNATITY,RS_COST,RS_TS) values (87,2,7,30,5837.17,to_timestamp('05-MAY-17 02.16.14.000000000 AM','DD-MON-RR HH.MI.SSXFF AM'));
Insert into TEAMCLOUD.IMS_RETAILER_SALE (RS_ID,RS_RETAILER,RS_PRODUCT,RS_PRODUCT_QUNATITY,RS_COST,RS_TS) values (89,4,5,84,2751.81,to_timestamp('09-MAY-17 11.05.39.000000000 AM','DD-MON-RR HH.MI.SSXFF AM'));
Insert into TEAMCLOUD.IMS_RETAILER_SALE (RS_ID,RS_RETAILER,RS_PRODUCT,RS_PRODUCT_QUNATITY,RS_COST,RS_TS) values (92,4,5,97,6145.48,to_timestamp('20-MAY-17 11.15.20.000000000 AM','DD-MON-RR HH.MI.SSXFF AM'));
Insert into TEAMCLOUD.IMS_RETAILER_SALE (RS_ID,RS_RETAILER,RS_PRODUCT,RS_PRODUCT_QUNATITY,RS_COST,RS_TS) values (94,1,5,99,4299.04,to_timestamp('18-JUL-16 11.27.47.000000000 AM','DD-MON-RR HH.MI.SSXFF AM'));
Insert into TEAMCLOUD.IMS_RETAILER_SALE (RS_ID,RS_RETAILER,RS_PRODUCT,RS_PRODUCT_QUNATITY,RS_COST,RS_TS) values (95,5,1,22,5421.76,to_timestamp('25-DEC-16 04.50.57.000000000 AM','DD-MON-RR HH.MI.SSXFF AM'));
Insert into TEAMCLOUD.IMS_RETAILER_SALE (RS_ID,RS_RETAILER,RS_PRODUCT,RS_PRODUCT_QUNATITY,RS_COST,RS_TS) values (97,2,2,15,6342.47,to_timestamp('08-NOV-16 04.56.59.000000000 AM','DD-MON-RR HH.MI.SSXFF AM'));
Insert into TEAMCLOUD.IMS_RETAILER_SALE (RS_ID,RS_RETAILER,RS_PRODUCT,RS_PRODUCT_QUNATITY,RS_COST,RS_TS) values (99,5,15,58,9464.71,to_timestamp('31-OCT-16 10.36.36.000000000 AM','DD-MON-RR HH.MI.SSXFF AM'));
Insert into TEAMCLOUD.IMS_RETAILER_SALE (RS_ID,RS_RETAILER,RS_PRODUCT,RS_PRODUCT_QUNATITY,RS_COST,RS_TS) values (1,4,4,70,47.39,to_timestamp('05-JAN-17 01.37.24.000000000 AM','DD-MON-RR HH.MI.SSXFF AM'));
Insert into TEAMCLOUD.IMS_RETAILER_SALE (RS_ID,RS_RETAILER,RS_PRODUCT,RS_PRODUCT_QUNATITY,RS_COST,RS_TS) values (4,5,6,71,5695.62,to_timestamp('14-MAR-17 08.41.20.000000000 AM','DD-MON-RR HH.MI.SSXFF AM'));
Insert into TEAMCLOUD.IMS_RETAILER_SALE (RS_ID,RS_RETAILER,RS_PRODUCT,RS_PRODUCT_QUNATITY,RS_COST,RS_TS) values (5,2,13,51,2178.46,to_timestamp('16-DEC-16 08.25.22.000000000 AM','DD-MON-RR HH.MI.SSXFF AM'));
Insert into TEAMCLOUD.IMS_RETAILER_SALE (RS_ID,RS_RETAILER,RS_PRODUCT,RS_PRODUCT_QUNATITY,RS_COST,RS_TS) values (6,2,6,49,8631.3,to_timestamp('19-OCT-16 06.33.03.000000000 AM','DD-MON-RR HH.MI.SSXFF AM'));
Insert into TEAMCLOUD.IMS_RETAILER_SALE (RS_ID,RS_RETAILER,RS_PRODUCT,RS_PRODUCT_QUNATITY,RS_COST,RS_TS) values (10,4,1,83,8799.6,to_timestamp('11-DEC-16 05.00.00.000000000 AM','DD-MON-RR HH.MI.SSXFF AM'));
Insert into TEAMCLOUD.IMS_RETAILER_SALE (RS_ID,RS_RETAILER,RS_PRODUCT,RS_PRODUCT_QUNATITY,RS_COST,RS_TS) values (13,4,10,95,393.39,to_timestamp('09-NOV-16 04.45.51.000000000 AM','DD-MON-RR HH.MI.SSXFF AM'));
Insert into TEAMCLOUD.IMS_RETAILER_SALE (RS_ID,RS_RETAILER,RS_PRODUCT,RS_PRODUCT_QUNATITY,RS_COST,RS_TS) values (14,2,11,98,7802.66,to_timestamp('30-JUN-16 11.50.14.000000000 AM','DD-MON-RR HH.MI.SSXFF AM'));
Insert into TEAMCLOUD.IMS_RETAILER_SALE (RS_ID,RS_RETAILER,RS_PRODUCT,RS_PRODUCT_QUNATITY,RS_COST,RS_TS) values (17,3,8,24,7836.13,to_timestamp('27-OCT-16 07.36.36.000000000 AM','DD-MON-RR HH.MI.SSXFF AM'));
Insert into TEAMCLOUD.IMS_RETAILER_SALE (RS_ID,RS_RETAILER,RS_PRODUCT,RS_PRODUCT_QUNATITY,RS_COST,RS_TS) values (20,1,2,25,4925.59,to_timestamp('20-MAR-17 10.14.28.000000000 AM','DD-MON-RR HH.MI.SSXFF AM'));
Insert into TEAMCLOUD.IMS_RETAILER_SALE (RS_ID,RS_RETAILER,RS_PRODUCT,RS_PRODUCT_QUNATITY,RS_COST,RS_TS) values (28,5,14,40,2956.36,to_timestamp('13-AUG-16 06.12.42.000000000 AM','DD-MON-RR HH.MI.SSXFF AM'));
Insert into TEAMCLOUD.IMS_RETAILER_SALE (RS_ID,RS_RETAILER,RS_PRODUCT,RS_PRODUCT_QUNATITY,RS_COST,RS_TS) values (31,5,14,52,8839.39,to_timestamp('25-APR-17 10.09.50.000000000 AM','DD-MON-RR HH.MI.SSXFF AM'));
Insert into TEAMCLOUD.IMS_RETAILER_SALE (RS_ID,RS_RETAILER,RS_PRODUCT,RS_PRODUCT_QUNATITY,RS_COST,RS_TS) values (43,3,15,84,6276.59,to_timestamp('15-JUL-16 09.10.17.000000000 AM','DD-MON-RR HH.MI.SSXFF AM'));
Insert into TEAMCLOUD.IMS_RETAILER_SALE (RS_ID,RS_RETAILER,RS_PRODUCT,RS_PRODUCT_QUNATITY,RS_COST,RS_TS) values (46,5,11,15,5476.42,to_timestamp('23-MAY-17 06.55.10.000000000 AM','DD-MON-RR HH.MI.SSXFF AM'));
Insert into TEAMCLOUD.IMS_RETAILER_SALE (RS_ID,RS_RETAILER,RS_PRODUCT,RS_PRODUCT_QUNATITY,RS_COST,RS_TS) values (51,4,7,59,4095.44,to_timestamp('27-OCT-16 09.36.27.000000000 AM','DD-MON-RR HH.MI.SSXFF AM'));
Insert into TEAMCLOUD.IMS_RETAILER_SALE (RS_ID,RS_RETAILER,RS_PRODUCT,RS_PRODUCT_QUNATITY,RS_COST,RS_TS) values (60,3,5,17,9461.73,to_timestamp('22-MAR-17 02.12.08.000000000 AM','DD-MON-RR HH.MI.SSXFF AM'));
Insert into TEAMCLOUD.IMS_RETAILER_SALE (RS_ID,RS_RETAILER,RS_PRODUCT,RS_PRODUCT_QUNATITY,RS_COST,RS_TS) values (64,5,16,12,9756.1,to_timestamp('08-MAY-17 10.59.21.000000000 AM','DD-MON-RR HH.MI.SSXFF AM'));
Insert into TEAMCLOUD.IMS_RETAILER_SALE (RS_ID,RS_RETAILER,RS_PRODUCT,RS_PRODUCT_QUNATITY,RS_COST,RS_TS) values (70,2,4,37,4637.42,to_timestamp('18-OCT-16 11.04.05.000000000 AM','DD-MON-RR HH.MI.SSXFF AM'));
Insert into TEAMCLOUD.IMS_RETAILER_SALE (RS_ID,RS_RETAILER,RS_PRODUCT,RS_PRODUCT_QUNATITY,RS_COST,RS_TS) values (71,4,2,25,9992.45,to_timestamp('19-DEC-16 01.36.32.000000000 AM','DD-MON-RR HH.MI.SSXFF AM'));
Insert into TEAMCLOUD.IMS_RETAILER_SALE (RS_ID,RS_RETAILER,RS_PRODUCT,RS_PRODUCT_QUNATITY,RS_COST,RS_TS) values (72,1,15,11,3098.07,to_timestamp('19-NOV-16 03.59.18.000000000 AM','DD-MON-RR HH.MI.SSXFF AM'));
Insert into TEAMCLOUD.IMS_RETAILER_SALE (RS_ID,RS_RETAILER,RS_PRODUCT,RS_PRODUCT_QUNATITY,RS_COST,RS_TS) values (76,2,1,85,8781.7,to_timestamp('01-JUL-16 06.02.37.000000000 AM','DD-MON-RR HH.MI.SSXFF AM'));
Insert into TEAMCLOUD.IMS_RETAILER_SALE (RS_ID,RS_RETAILER,RS_PRODUCT,RS_PRODUCT_QUNATITY,RS_COST,RS_TS) values (77,3,9,55,1712.48,to_timestamp('15-JUN-17 07.50.24.000000000 AM','DD-MON-RR HH.MI.SSXFF AM'));
Insert into TEAMCLOUD.IMS_RETAILER_SALE (RS_ID,RS_RETAILER,RS_PRODUCT,RS_PRODUCT_QUNATITY,RS_COST,RS_TS) values (98,1,3,37,4783.83,to_timestamp('27-OCT-16 09.02.42.000000000 AM','DD-MON-RR HH.MI.SSXFF AM'));
Insert into TEAMCLOUD.IMS_RETAILER_SALE (RS_ID,RS_RETAILER,RS_PRODUCT,RS_PRODUCT_QUNATITY,RS_COST,RS_TS) values (100,1,4,89,6653.76,to_timestamp('22-MAY-17 07.19.51.000000000 AM','DD-MON-RR HH.MI.SSXFF AM'));
REM INSERTING into TEAMCLOUD.IMS_SUPPLIER
SET DEFINE OFF;
Insert into TEAMCLOUD.IMS_SUPPLIER (S_ID,S_NAME,S_ADDRESS) values (1,'Rippin, Bradtke and Crooks',1);
Insert into TEAMCLOUD.IMS_SUPPLIER (S_ID,S_NAME,S_ADDRESS) values (2,'Howell and Sons',2);
Insert into TEAMCLOUD.IMS_SUPPLIER (S_ID,S_NAME,S_ADDRESS) values (3,'Lemke, Barrows and Rowe',3);
Insert into TEAMCLOUD.IMS_SUPPLIER (S_ID,S_NAME,S_ADDRESS) values (4,'Goldner, Schmitt and Russel',4);
Insert into TEAMCLOUD.IMS_SUPPLIER (S_ID,S_NAME,S_ADDRESS) values (5,'Bartell-Mueller',5);
--------------------------------------------------------
--  DDL for Index PK_ADDRESS_ID
--------------------------------------------------------

  CREATE UNIQUE INDEX "TEAMCLOUD"."PK_ADDRESS_ID" ON "TEAMCLOUD"."IMS_ADDRESS" ("A_ID") 
  PCTFREE 10 INITRANS 2 MAXTRANS 255 COMPUTE STATISTICS 
  STORAGE(INITIAL 65536 NEXT 1048576 MINEXTENTS 1 MAXEXTENTS 2147483645
  PCTINCREASE 0 FREELISTS 1 FREELIST GROUPS 1
  BUFFER_POOL DEFAULT FLASH_CACHE DEFAULT CELL_FLASH_CACHE DEFAULT)
  TABLESPACE "USERS" ;
--------------------------------------------------------
--  DDL for Index PK_CATEGORY_ID
--------------------------------------------------------

  CREATE UNIQUE INDEX "TEAMCLOUD"."PK_CATEGORY_ID" ON "TEAMCLOUD"."IMS_CATEGORY" ("C_ID") 
  PCTFREE 10 INITRANS 2 MAXTRANS 255 COMPUTE STATISTICS 
  STORAGE(INITIAL 65536 NEXT 1048576 MINEXTENTS 1 MAXEXTENTS 2147483645
  PCTINCREASE 0 FREELISTS 1 FREELIST GROUPS 1
  BUFFER_POOL DEFAULT FLASH_CACHE DEFAULT CELL_FLASH_CACHE DEFAULT)
  TABLESPACE "USERS" ;
--------------------------------------------------------
--  DDL for Index PK_PO_LINE_ID
--------------------------------------------------------

  CREATE UNIQUE INDEX "TEAMCLOUD"."PK_PO_LINE_ID" ON "TEAMCLOUD"."IMS_PO_LINE" ("POL_ID") 
  PCTFREE 10 INITRANS 2 MAXTRANS 255 COMPUTE STATISTICS 
  STORAGE(INITIAL 65536 NEXT 1048576 MINEXTENTS 1 MAXEXTENTS 2147483645
  PCTINCREASE 0 FREELISTS 1 FREELIST GROUPS 1
  BUFFER_POOL DEFAULT FLASH_CACHE DEFAULT CELL_FLASH_CACHE DEFAULT)
  TABLESPACE "USERS" ;
--------------------------------------------------------
--  DDL for Index PK_PRODUCT_ID
--------------------------------------------------------

  CREATE UNIQUE INDEX "TEAMCLOUD"."PK_PRODUCT_ID" ON "TEAMCLOUD"."IMS_PRODUCT" ("P_ID") 
  PCTFREE 10 INITRANS 2 MAXTRANS 255 COMPUTE STATISTICS 
  STORAGE(INITIAL 65536 NEXT 1048576 MINEXTENTS 1 MAXEXTENTS 2147483645
  PCTINCREASE 0 FREELISTS 1 FREELIST GROUPS 1
  BUFFER_POOL DEFAULT FLASH_CACHE DEFAULT CELL_FLASH_CACHE DEFAULT)
  TABLESPACE "USERS" ;
--------------------------------------------------------
--  DDL for Index IMS_PRODUCT_P_NAME_UN
--------------------------------------------------------

  CREATE UNIQUE INDEX "TEAMCLOUD"."IMS_PRODUCT_P_NAME_UN" ON "TEAMCLOUD"."IMS_PRODUCT" ("P_NAME") 
  PCTFREE 10 INITRANS 2 MAXTRANS 167 COMPUTE STATISTICS 
  STORAGE(INITIAL 65536 NEXT 1048576 MINEXTENTS 1 MAXEXTENTS 2147483645
  PCTINCREASE 0 FREELISTS 1 FREELIST GROUPS 1
  BUFFER_POOL DEFAULT FLASH_CACHE DEFAULT CELL_FLASH_CACHE DEFAULT)
  TABLESPACE "USERS" ;
--------------------------------------------------------
--  DDL for Index PK_PRODUCT_CATEGORY_ID
--------------------------------------------------------

  CREATE UNIQUE INDEX "TEAMCLOUD"."PK_PRODUCT_CATEGORY_ID" ON "TEAMCLOUD"."IMS_PRODUCT_CATEGORY" ("P_ID", "C_ID") 
  PCTFREE 10 INITRANS 2 MAXTRANS 255 COMPUTE STATISTICS 
  STORAGE(INITIAL 65536 NEXT 1048576 MINEXTENTS 1 MAXEXTENTS 2147483645
  PCTINCREASE 0 FREELISTS 1 FREELIST GROUPS 1
  BUFFER_POOL DEFAULT FLASH_CACHE DEFAULT CELL_FLASH_CACHE DEFAULT)
  TABLESPACE "USERS" ;
--------------------------------------------------------
--  DDL for Index PK_PURCHASE_ORDER_ID
--------------------------------------------------------

  CREATE UNIQUE INDEX "TEAMCLOUD"."PK_PURCHASE_ORDER_ID" ON "TEAMCLOUD"."IMS_PURCHASE_ORDER" ("PO_ID") 
  PCTFREE 10 INITRANS 2 MAXTRANS 255 COMPUTE STATISTICS 
  STORAGE(INITIAL 65536 NEXT 1048576 MINEXTENTS 1 MAXEXTENTS 2147483645
  PCTINCREASE 0 FREELISTS 1 FREELIST GROUPS 1
  BUFFER_POOL DEFAULT FLASH_CACHE DEFAULT CELL_FLASH_CACHE DEFAULT)
  TABLESPACE "USERS" ;
--------------------------------------------------------
--  DDL for Index PK_RETAILER_ID
--------------------------------------------------------

  CREATE UNIQUE INDEX "TEAMCLOUD"."PK_RETAILER_ID" ON "TEAMCLOUD"."IMS_RETAILER" ("R_ID") 
  PCTFREE 10 INITRANS 2 MAXTRANS 255 COMPUTE STATISTICS 
  STORAGE(INITIAL 65536 NEXT 1048576 MINEXTENTS 1 MAXEXTENTS 2147483645
  PCTINCREASE 0 FREELISTS 1 FREELIST GROUPS 1
  BUFFER_POOL DEFAULT FLASH_CACHE DEFAULT CELL_FLASH_CACHE DEFAULT)
  TABLESPACE "USERS" ;
--------------------------------------------------------
--  DDL for Index IMS_RETAILER_R_NAME_UN
--------------------------------------------------------

  CREATE UNIQUE INDEX "TEAMCLOUD"."IMS_RETAILER_R_NAME_UN" ON "TEAMCLOUD"."IMS_RETAILER" ("R_NAME") 
  PCTFREE 10 INITRANS 2 MAXTRANS 167 COMPUTE STATISTICS 
  STORAGE(INITIAL 65536 NEXT 1048576 MINEXTENTS 1 MAXEXTENTS 2147483645
  PCTINCREASE 0 FREELISTS 1 FREELIST GROUPS 1
  BUFFER_POOL DEFAULT FLASH_CACHE DEFAULT CELL_FLASH_CACHE DEFAULT)
  TABLESPACE "USERS" ;
--------------------------------------------------------
--  DDL for Index PK_RETAILER_INVENTORY_ID
--------------------------------------------------------

  CREATE UNIQUE INDEX "TEAMCLOUD"."PK_RETAILER_INVENTORY_ID" ON "TEAMCLOUD"."IMS_RETAILER_INVENTORY" ("RI_ID") 
  PCTFREE 10 INITRANS 2 MAXTRANS 255 COMPUTE STATISTICS 
  STORAGE(INITIAL 65536 NEXT 1048576 MINEXTENTS 1 MAXEXTENTS 2147483645
  PCTINCREASE 0 FREELISTS 1 FREELIST GROUPS 1
  BUFFER_POOL DEFAULT FLASH_CACHE DEFAULT CELL_FLASH_CACHE DEFAULT)
  TABLESPACE "USERS" ;
--------------------------------------------------------
--  DDL for Index PK_RETAILER_SALE
--------------------------------------------------------

  CREATE UNIQUE INDEX "TEAMCLOUD"."PK_RETAILER_SALE" ON "TEAMCLOUD"."IMS_RETAILER_SALE" ("RS_ID") 
  PCTFREE 10 INITRANS 2 MAXTRANS 255 COMPUTE STATISTICS 
  STORAGE(INITIAL 65536 NEXT 1048576 MINEXTENTS 1 MAXEXTENTS 2147483645
  PCTINCREASE 0 FREELISTS 1 FREELIST GROUPS 1
  BUFFER_POOL DEFAULT FLASH_CACHE DEFAULT CELL_FLASH_CACHE DEFAULT)
  TABLESPACE "USERS" ;
--------------------------------------------------------
--  DDL for Index IMS_SUPPLIER_S_NAME_UN
--------------------------------------------------------

  CREATE UNIQUE INDEX "TEAMCLOUD"."IMS_SUPPLIER_S_NAME_UN" ON "TEAMCLOUD"."IMS_SUPPLIER" ("S_NAME") 
  PCTFREE 10 INITRANS 2 MAXTRANS 167 COMPUTE STATISTICS 
  STORAGE(INITIAL 65536 NEXT 1048576 MINEXTENTS 1 MAXEXTENTS 2147483645
  PCTINCREASE 0 FREELISTS 1 FREELIST GROUPS 1
  BUFFER_POOL DEFAULT FLASH_CACHE DEFAULT CELL_FLASH_CACHE DEFAULT)
  TABLESPACE "USERS" ;
--------------------------------------------------------
--  DDL for Index PK_REIMBURSEMENT
--------------------------------------------------------

  CREATE UNIQUE INDEX "TEAMCLOUD"."PK_REIMBURSEMENT" ON "TEAMCLOUD"."IMS_SUPPLIER" ("S_ID") 
  PCTFREE 10 INITRANS 2 MAXTRANS 255 COMPUTE STATISTICS 
  STORAGE(INITIAL 65536 NEXT 1048576 MINEXTENTS 1 MAXEXTENTS 2147483645
  PCTINCREASE 0 FREELISTS 1 FREELIST GROUPS 1
  BUFFER_POOL DEFAULT FLASH_CACHE DEFAULT CELL_FLASH_CACHE DEFAULT)
  TABLESPACE "USERS" ;
--------------------------------------------------------
--  Constraints for Table IMS_ADDRESS
--------------------------------------------------------

  ALTER TABLE "TEAMCLOUD"."IMS_ADDRESS" ADD CONSTRAINT "PK_ADDRESS_ID" PRIMARY KEY ("A_ID")
  USING INDEX PCTFREE 10 INITRANS 2 MAXTRANS 255 COMPUTE STATISTICS 
  STORAGE(INITIAL 65536 NEXT 1048576 MINEXTENTS 1 MAXEXTENTS 2147483645
  PCTINCREASE 0 FREELISTS 1 FREELIST GROUPS 1
  BUFFER_POOL DEFAULT FLASH_CACHE DEFAULT CELL_FLASH_CACHE DEFAULT)
  TABLESPACE "USERS"  ENABLE;
  ALTER TABLE "TEAMCLOUD"."IMS_ADDRESS" MODIFY ("A_ID" NOT NULL ENABLE);
--------------------------------------------------------
--  Constraints for Table IMS_CATEGORY
--------------------------------------------------------

  ALTER TABLE "TEAMCLOUD"."IMS_CATEGORY" ADD CONSTRAINT "PK_CATEGORY_ID" PRIMARY KEY ("C_ID")
  USING INDEX PCTFREE 10 INITRANS 2 MAXTRANS 255 COMPUTE STATISTICS 
  STORAGE(INITIAL 65536 NEXT 1048576 MINEXTENTS 1 MAXEXTENTS 2147483645
  PCTINCREASE 0 FREELISTS 1 FREELIST GROUPS 1
  BUFFER_POOL DEFAULT FLASH_CACHE DEFAULT CELL_FLASH_CACHE DEFAULT)
  TABLESPACE "USERS"  ENABLE;
  ALTER TABLE "TEAMCLOUD"."IMS_CATEGORY" MODIFY ("C_ID" NOT NULL ENABLE);
--------------------------------------------------------
--  Constraints for Table IMS_PO_LINE
--------------------------------------------------------

  ALTER TABLE "TEAMCLOUD"."IMS_PO_LINE" ADD CONSTRAINT "PK_PO_LINE_ID" PRIMARY KEY ("POL_ID")
  USING INDEX PCTFREE 10 INITRANS 2 MAXTRANS 255 COMPUTE STATISTICS 
  STORAGE(INITIAL 65536 NEXT 1048576 MINEXTENTS 1 MAXEXTENTS 2147483645
  PCTINCREASE 0 FREELISTS 1 FREELIST GROUPS 1
  BUFFER_POOL DEFAULT FLASH_CACHE DEFAULT CELL_FLASH_CACHE DEFAULT)
  TABLESPACE "USERS"  ENABLE;
  ALTER TABLE "TEAMCLOUD"."IMS_PO_LINE" MODIFY ("POL_COST" NOT NULL ENABLE);
  ALTER TABLE "TEAMCLOUD"."IMS_PO_LINE" MODIFY ("POL_QUANTITY" NOT NULL ENABLE);
  ALTER TABLE "TEAMCLOUD"."IMS_PO_LINE" MODIFY ("POL_PRODUCT" NOT NULL ENABLE);
  ALTER TABLE "TEAMCLOUD"."IMS_PO_LINE" MODIFY ("POL_PO" NOT NULL ENABLE);
  ALTER TABLE "TEAMCLOUD"."IMS_PO_LINE" MODIFY ("POL_ID" NOT NULL ENABLE);
--------------------------------------------------------
--  Constraints for Table IMS_PRODUCT
--------------------------------------------------------

  ALTER TABLE "TEAMCLOUD"."IMS_PRODUCT" ADD CONSTRAINT "IMS_PRODUCT_P_NAME_UN" UNIQUE ("P_NAME")
  USING INDEX PCTFREE 10 INITRANS 2 MAXTRANS 167 COMPUTE STATISTICS 
  STORAGE(INITIAL 65536 NEXT 1048576 MINEXTENTS 1 MAXEXTENTS 2147483645
  PCTINCREASE 0 FREELISTS 1 FREELIST GROUPS 1
  BUFFER_POOL DEFAULT FLASH_CACHE DEFAULT CELL_FLASH_CACHE DEFAULT)
  TABLESPACE "USERS"  ENABLE;
  ALTER TABLE "TEAMCLOUD"."IMS_PRODUCT" ADD CONSTRAINT "PK_PRODUCT_ID" PRIMARY KEY ("P_ID")
  USING INDEX PCTFREE 10 INITRANS 2 MAXTRANS 255 COMPUTE STATISTICS 
  STORAGE(INITIAL 65536 NEXT 1048576 MINEXTENTS 1 MAXEXTENTS 2147483645
  PCTINCREASE 0 FREELISTS 1 FREELIST GROUPS 1
  BUFFER_POOL DEFAULT FLASH_CACHE DEFAULT CELL_FLASH_CACHE DEFAULT)
  TABLESPACE "USERS"  ENABLE;
  ALTER TABLE "TEAMCLOUD"."IMS_PRODUCT" MODIFY ("P_RETAILER_PRICE" NOT NULL ENABLE);
  ALTER TABLE "TEAMCLOUD"."IMS_PRODUCT" MODIFY ("P_SUPPLIER_PRICE" NOT NULL ENABLE);
  ALTER TABLE "TEAMCLOUD"."IMS_PRODUCT" MODIFY ("P_NAME" NOT NULL ENABLE);
  ALTER TABLE "TEAMCLOUD"."IMS_PRODUCT" MODIFY ("P_ID" NOT NULL ENABLE);
--------------------------------------------------------
--  Constraints for Table IMS_PRODUCT_CATEGORY
--------------------------------------------------------

  ALTER TABLE "TEAMCLOUD"."IMS_PRODUCT_CATEGORY" ADD CONSTRAINT "PK_PRODUCT_CATEGORY_ID" PRIMARY KEY ("P_ID", "C_ID")
  USING INDEX PCTFREE 10 INITRANS 2 MAXTRANS 255 COMPUTE STATISTICS 
  STORAGE(INITIAL 65536 NEXT 1048576 MINEXTENTS 1 MAXEXTENTS 2147483645
  PCTINCREASE 0 FREELISTS 1 FREELIST GROUPS 1
  BUFFER_POOL DEFAULT FLASH_CACHE DEFAULT CELL_FLASH_CACHE DEFAULT)
  TABLESPACE "USERS"  ENABLE;
  ALTER TABLE "TEAMCLOUD"."IMS_PRODUCT_CATEGORY" MODIFY ("C_ID" NOT NULL ENABLE);
  ALTER TABLE "TEAMCLOUD"."IMS_PRODUCT_CATEGORY" MODIFY ("P_ID" NOT NULL ENABLE);
--------------------------------------------------------
--  Constraints for Table IMS_PURCHASE_ORDER
--------------------------------------------------------

  ALTER TABLE "TEAMCLOUD"."IMS_PURCHASE_ORDER" ADD CONSTRAINT "PK_PURCHASE_ORDER_ID" PRIMARY KEY ("PO_ID")
  USING INDEX PCTFREE 10 INITRANS 2 MAXTRANS 255 COMPUTE STATISTICS 
  STORAGE(INITIAL 65536 NEXT 1048576 MINEXTENTS 1 MAXEXTENTS 2147483645
  PCTINCREASE 0 FREELISTS 1 FREELIST GROUPS 1
  BUFFER_POOL DEFAULT FLASH_CACHE DEFAULT CELL_FLASH_CACHE DEFAULT)
  TABLESPACE "USERS"  ENABLE;
  ALTER TABLE "TEAMCLOUD"."IMS_PURCHASE_ORDER" MODIFY ("PO_RETAILER" NOT NULL ENABLE);
  ALTER TABLE "TEAMCLOUD"."IMS_PURCHASE_ORDER" MODIFY ("PO_SUPPLIER" NOT NULL ENABLE);
  ALTER TABLE "TEAMCLOUD"."IMS_PURCHASE_ORDER" MODIFY ("PO_TS" NOT NULL ENABLE);
  ALTER TABLE "TEAMCLOUD"."IMS_PURCHASE_ORDER" MODIFY ("PO_ID" NOT NULL ENABLE);
--------------------------------------------------------
--  Constraints for Table IMS_RETAILER
--------------------------------------------------------

  ALTER TABLE "TEAMCLOUD"."IMS_RETAILER" ADD CONSTRAINT "IMS_RETAILER_R_NAME_UN" UNIQUE ("R_NAME")
  USING INDEX PCTFREE 10 INITRANS 2 MAXTRANS 167 COMPUTE STATISTICS 
  STORAGE(INITIAL 65536 NEXT 1048576 MINEXTENTS 1 MAXEXTENTS 2147483645
  PCTINCREASE 0 FREELISTS 1 FREELIST GROUPS 1
  BUFFER_POOL DEFAULT FLASH_CACHE DEFAULT CELL_FLASH_CACHE DEFAULT)
  TABLESPACE "USERS"  ENABLE;
  ALTER TABLE "TEAMCLOUD"."IMS_RETAILER" ADD CONSTRAINT "PK_RETAILER_ID" PRIMARY KEY ("R_ID")
  USING INDEX PCTFREE 10 INITRANS 2 MAXTRANS 255 COMPUTE STATISTICS 
  STORAGE(INITIAL 65536 NEXT 1048576 MINEXTENTS 1 MAXEXTENTS 2147483645
  PCTINCREASE 0 FREELISTS 1 FREELIST GROUPS 1
  BUFFER_POOL DEFAULT FLASH_CACHE DEFAULT CELL_FLASH_CACHE DEFAULT)
  TABLESPACE "USERS"  ENABLE;
  ALTER TABLE "TEAMCLOUD"."IMS_RETAILER" MODIFY ("R_ADDRESS" NOT NULL ENABLE);
  ALTER TABLE "TEAMCLOUD"."IMS_RETAILER" MODIFY ("R_NAME" NOT NULL ENABLE);
  ALTER TABLE "TEAMCLOUD"."IMS_RETAILER" MODIFY ("R_ID" NOT NULL ENABLE);
--------------------------------------------------------
--  Constraints for Table IMS_RETAILER_INVENTORY
--------------------------------------------------------

  ALTER TABLE "TEAMCLOUD"."IMS_RETAILER_INVENTORY" ADD CONSTRAINT "PK_RETAILER_INVENTORY_ID" PRIMARY KEY ("RI_ID")
  USING INDEX PCTFREE 10 INITRANS 2 MAXTRANS 255 COMPUTE STATISTICS 
  STORAGE(INITIAL 65536 NEXT 1048576 MINEXTENTS 1 MAXEXTENTS 2147483645
  PCTINCREASE 0 FREELISTS 1 FREELIST GROUPS 1
  BUFFER_POOL DEFAULT FLASH_CACHE DEFAULT CELL_FLASH_CACHE DEFAULT)
  TABLESPACE "USERS"  ENABLE;
  ALTER TABLE "TEAMCLOUD"."IMS_RETAILER_INVENTORY" MODIFY ("RI_PRODUCT_THRESHOLD" NOT NULL ENABLE);
  ALTER TABLE "TEAMCLOUD"."IMS_RETAILER_INVENTORY" MODIFY ("RI_PRODUCT_QUNATITY" NOT NULL ENABLE);
  ALTER TABLE "TEAMCLOUD"."IMS_RETAILER_INVENTORY" MODIFY ("RI_PRODUCT" NOT NULL ENABLE);
  ALTER TABLE "TEAMCLOUD"."IMS_RETAILER_INVENTORY" MODIFY ("RI_RETAILER" NOT NULL ENABLE);
  ALTER TABLE "TEAMCLOUD"."IMS_RETAILER_INVENTORY" MODIFY ("RI_ID" NOT NULL ENABLE);
--------------------------------------------------------
--  Constraints for Table IMS_RETAILER_SALE
--------------------------------------------------------

  ALTER TABLE "TEAMCLOUD"."IMS_RETAILER_SALE" ADD CONSTRAINT "PK_RETAILER_SALE" PRIMARY KEY ("RS_ID")
  USING INDEX PCTFREE 10 INITRANS 2 MAXTRANS 255 COMPUTE STATISTICS 
  STORAGE(INITIAL 65536 NEXT 1048576 MINEXTENTS 1 MAXEXTENTS 2147483645
  PCTINCREASE 0 FREELISTS 1 FREELIST GROUPS 1
  BUFFER_POOL DEFAULT FLASH_CACHE DEFAULT CELL_FLASH_CACHE DEFAULT)
  TABLESPACE "USERS"  ENABLE;
  ALTER TABLE "TEAMCLOUD"."IMS_RETAILER_SALE" MODIFY ("RS_ID" NOT NULL ENABLE);
--------------------------------------------------------
--  Constraints for Table IMS_SUPPLIER
--------------------------------------------------------

  ALTER TABLE "TEAMCLOUD"."IMS_SUPPLIER" ADD CONSTRAINT "IMS_SUPPLIER_S_NAME_UN" UNIQUE ("S_NAME")
  USING INDEX PCTFREE 10 INITRANS 2 MAXTRANS 167 COMPUTE STATISTICS 
  STORAGE(INITIAL 65536 NEXT 1048576 MINEXTENTS 1 MAXEXTENTS 2147483645
  PCTINCREASE 0 FREELISTS 1 FREELIST GROUPS 1
  BUFFER_POOL DEFAULT FLASH_CACHE DEFAULT CELL_FLASH_CACHE DEFAULT)
  TABLESPACE "USERS"  ENABLE;
  ALTER TABLE "TEAMCLOUD"."IMS_SUPPLIER" ADD CONSTRAINT "PK_REIMBURSEMENT" PRIMARY KEY ("S_ID")
  USING INDEX PCTFREE 10 INITRANS 2 MAXTRANS 255 COMPUTE STATISTICS 
  STORAGE(INITIAL 65536 NEXT 1048576 MINEXTENTS 1 MAXEXTENTS 2147483645
  PCTINCREASE 0 FREELISTS 1 FREELIST GROUPS 1
  BUFFER_POOL DEFAULT FLASH_CACHE DEFAULT CELL_FLASH_CACHE DEFAULT)
  TABLESPACE "USERS"  ENABLE;
  ALTER TABLE "TEAMCLOUD"."IMS_SUPPLIER" MODIFY ("S_ADDRESS" NOT NULL ENABLE);
  ALTER TABLE "TEAMCLOUD"."IMS_SUPPLIER" MODIFY ("S_ID" NOT NULL ENABLE);
